Workbook
Name ARMADO_RP: BD!$E$2:$AT$223
Name DatosXLoc: [1]DATOS_xLOC!$A$3:$K$176
Name f_cond: BD!$BM$45
Name LOCALIDAD: REDCAD!$BV$2:$CA$22
Name Num_Dec: BD!$BM$46
Name PLANILLA: REDCAD!$A$2:$BI$1005
Name PLANILLA1: REDCAD!$C$2:$CQ$1048576
Name POSTES: REDCAD!$BK$3:$BO$15
Name TRAFOS: REDCAD!$BQ$4:$BT$20
Name Vol_PAT: BD!$BH$36:$BV$43
Name Vol_Poste: BD!$BH$3:$BY$26
Name Vol_Retenida: BD!$BH$28:$BV$34

Sheet BD
A2: Item | B2: 1 | C2: Descripción de Partidas | D2: Unid. | E2: DS-0 | F2: DS-0A | G2: DT-0 | H2: EC | I2: PS1-0 | J2: PA1-0 | K2: PTV-0 | L2: TS-0 | M2: DS-2 | N2: PS1-2 | O2: PSVE-2 | P2: TSVE-2 | Q2: SMM-1P | R2: SMM-2P | S2: SBM-2P | T2: SBM-2V | U2: 5kVA-1ø-13,2kV | V2: 5kVA-2ø-13,8kV | W2: 10kVA-2ø-13,8kV | X2: 25kVA-2ø-13,8kV | Y2: 37.5kVA-2ø-13,8kV | Z2: 5kVA-2ø-22,9kV | AA2: 35 mm² AAAC | AB2: CAC 12/200 | AC2: CAC 12/300 | AD2: CAC 13/300 | AE2: CAC 13/400 | AF2: PRFV 12/200 | AG2: PRFV 12/300 | AH2: RI | AI2: RIY | AJ2: RV | AK2: RVY | AL2: PAT-1C | AM2: PAT-1 | AN2: PAT-2 | AO2: PAT-3 | AP2: - | AQ2: -- | AR2: - -- | AS2: - - | AT2: 0 | BH2: 1 | BI2: 2 | BJ2: 3 | BK2: 4 | BL2: 5 | BM2: 6 | BN2: 7 | BO2: 8 | BP2: 9 | BQ2: 10 | BR2: 11 | BS2: 12 | BT2: 13 | BU2: 14 | BV2: 15 | BW2: 16 | BX2: 17 | BY2: 17
B3: =+B2+1 -> 2 | W3: 37.5kVA-2ø-13,8kV | BH3: POSTE_CIM | BI3: Tipo de Poste | BJ3: Tipo de Cimentacion | BK3: Excavación (m3) | BL3: Relleno (m3) | BM3: % Relleno Directo | BN3: Longitud del Poste (m) | BO3: Diametro en la Punta (m) | BP3: Diametro en la Base (m) | BQ3: Circunferencia mínima en la cabeza (m) | BR3: Circunferencia mínima en la linea de tierra (m) | BS3: Altura de Empotramiento de Poste (m) | BT3: Diametro del Poste a la altura de empotramiento(m) | BU3: Diametro del hoyo del Poste (m) | BV3: Profundidad del hoyo del Poste (m) | BW3: Altura de Solado (m) | BX3: Volumen parte del Poste enterrado (m3) | BY3: Volumen solado
A4: 1 | B4: =+B3+1 -> 3 | C4: CRUCETAS DE MADERA DE PROCEDENCIA NACIONAL | W4: 5kVA-1ø-13,2kV
A5: =+A4+0.01 -> 1.01 | B5: =+B4+1 -> 4 | C5: Cruceta de madera tratada de 90 mm x 115 mm x 1,20 m | D5: u | F5: 1 | Q5: 1 | R5: 1 | W5: 5kVA-2ø-13,8kV | BH5: CAC 12/200CI-C | BI5: 12/200 | BJ5: CI-C | BK5: =ROUND(PI()*($BU5^2)*$BV5/4,Num_Dec) -> 0.905 | BL5: =ROUND(PI()*($BU5^2)*$BV5/4-$BX5-BY5,Num_Dec) -> 0.745 | BM5: =+BL5/BK5 -> 0.82320442 | BN5: 12 | BO5: 0.16 | BP5: 0.35 | BS5: 1.8 | BT5: =+($BN5*$BP5-$BS5*$BP5+$BS5*$BO5)/$BN5 -> 0.3215 | BU5: 0.8 | BV5: 1.8 | BX5: =$BS5*PI()*($BP5^2+$BT5^2+$BP5*$BT5)/12 -> 0.15946123 | BY5: =+PI()*POWER(BU5,2)*BW5/4 -> 0
A6: =+A5+0.01 -> 1.02 | B6: =+B5+1 -> 5 | C6: Listón de madera tratada 50 x 19 mm sección, 2,7 m longitud (incluye clavos de fijación) | D6: u | W6: 5kVA-2ø-22,9kV | BH6: CAC 12/300CI-C | BI6: 12/300 | BJ6: CI-C | BK6: =ROUND(PI()*($BU6^2)*$BV6/4,Num_Dec) -> 0.905 | BL6: =ROUND(PI()*($BU6^2)*$BV6/4-$BX6-BY6,Num_Dec) -> 0.745 | BM6: =+BL6/BK6 -> 0.82320442 | BN6: 12 | BO6: 0.16 | BP6: 0.35 | BS6: 1.8 | BT6: =+($BN6*$BP6-$BS6*$BP6+$BS6*$BO6)/$BN6 -> 0.3215 | BU6: 0.8 | BV6: 1.8 | BX6: =$BS6*PI()*($BP6^2+$BT6^2+$BP6*$BT6)/12 -> 0.15946123 | BY6: =+PI()*POWER(BU6,2)*BW6/4 -> 0
A7: =+A6+0.01 -> 1.03 | B7: =+B6+1 -> 6 | C7: Cruceta de madera tratada de 90 mm x 115 mm x 2,00 m | D7: u | S7: 1 | BH7: CAC 13/300CI-A | BI7: 13/300 | BJ7: CI-A | BK7: =ROUND(PI()*($BU7^2)*$BV7/4,Num_Dec) -> 1.081 | BL7: =ROUND(PI()*($BU7^2)*$BV7/4-$BX7-BY7,Num_Dec) -> 0.848 | BM7: =+BL7/BK7 -> 0.78445883 | BN7: 13 | BO7: 0.18 | BP7: 0.38 | BS7: 1.6 | BT7: =+($BN7*$BP7-$BS7*$BP7+$BS7*$BO7)/$BN7 -> 0.35538462 | BU7: 0.9 | BV7: 1.7 | BW7: 0.1 | BX7: =$BS7*PI()*($BP7^2+$BT7^2+$BP7*$BT7)/12 -> 0.16995781 | BY7: =+PI()*POWER(BU7,2)*BW7/4 -> 0.063617251
A8: =+A7+0.01 -> 1.04 | B8: =+B7+1 -> 7 | C8: Cruceta de madera tratada de 90 mm x 115 mm x 2,40 m | D8: u | N8: 1 | BH8: CAC 13/400CI-A | BI8: 13/400 | BJ8: CI-A | BK8: =ROUND(PI()*($BU8^2)*$BV8/4,Num_Dec) -> 1.081 | BL8: =ROUND(PI()*($BU8^2)*$BV8/4-$BX8-BY8,Num_Dec) -> 0.848 | BM8: =+BL8/BK8 -> 0.78445883 | BN8: 13 | BO8: 0.18 | BP8: 0.38 | BS8: 1.6 | BT8: =+($BN8*$BP8-$BS8*$BP8+$BS8*$BO8)/$BN8 -> 0.35538462 | BU8: 0.9 | BV8: 1.7 | BW8: 0.1 | BX8: =$BS8*PI()*($BP8^2+$BT8^2+$BP8*$BT8)/12 -> 0.16995781 | BY8: =+PI()*POWER(BU8,2)*BW8/4 -> 0.063617251
B9: =+B8+1 -> 8 | BH9: PRFV 12/200CI-C | BI9: 12/200 | BJ9: CI-C | BK9: =ROUND(PI()*($BU9^2)*$BV9/4,Num_Dec) -> 0.905 | BL9: =ROUND(PI()*($BU9^2)*$BV9/4-$BX9-BY9,Num_Dec) -> 0.745 | BM9: =+BL9/BK9 -> 0.82320442 | BN9: 12 | BO9: 0.16 | BP9: 0.35 | BS9: 1.8 | BT9: =+($BN9*$BP9-$BS9*$BP9+$BS9*$BO9)/$BN9 -> 0.3215 | BU9: 0.8 | BV9: 1.8 | BX9: =$BS9*PI()*($BP9^2+$BT9^2+$BP9*$BT9)/12 -> 0.15946123 | BY9: =+PI()*POWER(BU9,2)*BW9/4 -> 0
A10: =1+A4 -> 2 | B10: =+B9+1 -> 9 | C10: POSTES DE CONCRETO ARMADO CENTRIFUGADO | BH10: PRFV 12/300CI-C | BI10: 12/300 | BJ10: CI-C | BK10: =ROUND(PI()*($BU10^2)*$BV10/4,Num_Dec) -> 0.905 | BL10: =ROUND(PI()*($BU10^2)*$BV10/4-$BX10-BY10,Num_Dec) -> 0.745 | BM10: =+BL10/BK10 -> 0.82320442 | BN10: 12 | BO10: 0.16 | BP10: 0.35 | BS10: 1.8 | BT10: =+($BN10*$BP10-$BS10*$BP10+$BS10*$BO10)/$BN10 -> 0.3215 | BU10: 0.8 | BV10: 1.8 | BX10: =$BS10*PI()*($BP10^2+$BT10^2+$BP10*$BT10)/12 -> 0.15946123 | BY10: =+PI()*POWER(BU10,2)*BW10/4 -> 0
A11: =+A10+0.01 -> 2.01 | B11: =+B10+1 -> 10 | C11: Poste de C.A.C. de 12 m/200 daN (Incluye perilla) | D11: u | AB11: 1 | BH11: CAC 12/200CII-C | BI11: 12/200 | BJ11: CII-C | BK11: =ROUND(PI()*($BU11^2)*$BV11/4,Num_Dec) -> 0.754 | BL11: =ROUND(PI()*($BU11^2)*$BV11/4-$BX11-BY11,Num_Dec) -> 0.619 | BM11: =+BL11/BK11 -> 0.82095491 | BN11: 12 | BO11: 0.16 | BP11: 0.35 | BS11: 1.5 | BT11: =+($BN11*$BP11-$BS11*$BP11+$BS11*$BO11)/$BN11 -> 0.32625 | BU11: 0.8 | BV11: 1.5 | BX11: =$BS11*PI()*($BP11^2+$BT11^2+$BP11*$BT11)/12 -> 0.13474549 | BY11: =+PI()*POWER(BU11,2)*BW11/4 -> 0
A12: =+A11+0.01 -> 2.02 | B12: =+B11+1 -> 11 | C12: Poste de C.A.C. de 12 m/300 daN (Incluye perilla) | D12: u | AC12: 1 | BH12: CAC 12/300CII-C | BI12: 12/300 | BJ12: CII-C | BK12: =ROUND(PI()*($BU12^2)*$BV12/4,Num_Dec) -> 0.754 | BL12: =ROUND(PI()*($BU12^2)*$BV12/4-$BX12-BY12,Num_Dec) -> 0.619 | BM12: =+BL12/BK12 -> 0.82095491 | BN12: 12 | BO12: 0.16 | BP12: 0.35 | BS12: 1.5 | BT12: =+($BN12*$BP12-$BS12*$BP12+$BS12*$BO12)/$BN12 -> 0.32625 | BU12: 0.8 | BV12: 1.5 | BX12: =$BS12*PI()*($BP12^2+$BT12^2+$BP12*$BT12)/12 -> 0.13474549 | BY12: =+PI()*POWER(BU12,2)*BW12/4 -> 0
A13: =+A12+0.01 -> 2.03 | B13: =+B12+1 -> 12 | C13: Poste de C.A.C. de 13 m/300 daN (Incluye perilla) | D13: u | AD13: 1 | BH13: CAC 13/300CII-A | BI13: 13/300 | BJ13: CII-A | BK13: =ROUND(PI()*($BU13^2)*$BV13/4,Num_Dec) -> 1.018 | BL13: =ROUND(PI()*($BU13^2)*$BV13/4-$BX13-BY13,Num_Dec) -> 0.794 | BM13: =+BL13/BK13 -> 0.77996071 | BN13: 13 | BO13: 0.18 | BP13: 0.38 | BS13: 1.5 | BT13: =+($BN13*$BP13-$BS13*$BP13+$BS13*$BO13)/$BN13 -> 0.35692308 | BU13: 0.9 | BV13: 1.6 | BW13: 0.1 | BX13: =$BS13*PI()*($BP13^2+$BT13^2+$BP13*$BT13)/12 -> 0.15999537 | BY13: =+PI()*POWER(BU13,2)*BW13/4 -> 0.063617251
A14: =+A13+0.01 -> 2.04 | B14: =+B13+1 -> 13 | C14: Poste de C.A.C. de 13 m/400 daN (Incluye perilla) | D14: u | AE14: 1 | BH14: CAC 13/400CII-A | BI14: 13/400 | BJ14: CII-A | BK14: =ROUND(PI()*($BU14^2)*$BV14/4,Num_Dec) -> 1.018 | BL14: =ROUND(PI()*($BU14^2)*$BV14/4-$BX14-BY14,Num_Dec) -> 0.794 | BM14: =+BL14/BK14 -> 0.77996071 | BN14: 13 | BO14: 0.18 | BP14: 0.38 | BS14: 1.5 | BT14: =+($BN14*$BP14-$BS14*$BP14+$BS14*$BO14)/$BN14 -> 0.35692308 | BU14: 0.9 | BV14: 1.6 | BW14: 0.1 | BX14: =$BS14*PI()*($BP14^2+$BT14^2+$BP14*$BT14)/12 -> 0.15999537 | BY14: =+PI()*POWER(BU14,2)*BW14/4 -> 0.063617251
B15: =+B14+1 -> 14 | BH15: PRFV 12/200CII-C | BI15: 12/200 | BJ15: CII-C | BK15: =ROUND(PI()*($BU15^2)*$BV15/4,Num_Dec) -> 0.754 | BL15: =ROUND(PI()*($BU15^2)*$BV15/4-$BX15-BY15,Num_Dec) -> 0.619 | BM15: =+BL15/BK15 -> 0.82095491 | BN15: 12 | BO15: 0.16 | BP15: 0.35 | BS15: 1.5 | BT15: =+($BN15*$BP15-$BS15*$BP15+$BS15*$BO15)/$BN15 -> 0.32625 | BU15: 0.8 | BV15: 1.5 | BX15: =$BS15*PI()*($BP15^2+$BT15^2+$BP15*$BT15)/12 -> 0.13474549 | BY15: =+PI()*POWER(BU15,2)*BW15/4 -> 0
A16: 3 | B16: =+B15+1 -> 15 | C16: POSTES DE MADERA IMPORTADA | BH16: PRFV 12/300CII-C | BI16: 12/300 | BJ16: CII-C | BK16: =ROUND(PI()*($BU16^2)*$BV16/4,Num_Dec) -> 0.754 | BL16: =ROUND(PI()*($BU16^2)*$BV16/4-$BX16-BY16,Num_Dec) -> 0.619 | BM16: =+BL16/BK16 -> 0.82095491 | BN16: 12 | BO16: 0.16 | BP16: 0.35 | BS16: 1.5 | BT16: =+($BN16*$BP16-$BS16*$BP16+$BS16*$BO16)/$BN16 -> 0.32625 | BU16: 0.8 | BV16: 1.5 | BX16: =$BS16*PI()*($BP16^2+$BT16^2+$BP16*$BT16)/12 -> 0.13474549 | BY16: =+PI()*POWER(BU16,2)*BW16/4 -> 0
A17: =+A16+0.01 -> 3.01 | B17: =+B16+1 -> 16 | C17: Poste de madera importada (Pino Amarillo del Sur) de 12 m, Clase 5 | D17: u | BH17: CAC 15/400CI-A | BI17: 15/400 | BJ17: CII-C | BK17: =ROUND(PI()*($BU17^2)*$BV17/4,Num_Dec) -> 1.106 | BL17: =ROUND(PI()*($BU17^2)*$BV17/4-$BX17-BY17,Num_Dec) -> 0.766 | BM17: =+BL17/BK17 -> 0.6925859 | BN17: 15 | BO17: 0.21 | BP17: 0.435 | BS17: =+BN17/10+0.6 -> 2.1 | BT17: =+($BN17*$BP17-$BS17*$BP17+$BS17*$BO17)/$BN17 -> 0.4035 | BU17: 0.8 | BV17: 2.2 | BW17: 0.1 | BX17: =$BS17*PI()*($BP17^2+$BT17^2+$BP17*$BT17)/12 -> 0.29004112 | BY17: =+PI()*POWER(BU17,2)*BW17/4 -> 0.050265482
B18: =+B17+1 -> 17
A19: 3.00A | B19: =+B18+1 -> 18 | C19: POSTES DE FIBRA DE VIDRIO
A20: 3.01A | B20: =+B19+1 -> 19 | C20: Poste de PRFV de 12 m/200 daN | D20: u | AF20: 1 | BH20: =+BI20&BJ20 -> -- | BI20: - | BJ20: -
A21: 3.02A | B21: =+B20+1 -> 20 | C21: Poste de PRFV de 12 m/300 daN | D21: u | AG21: 1 | BH21: =+BI21&BJ21 -> 11/EXIST- | BI21: 11/EXIST | BJ21: -
B22: =+B21+1 -> 21 | BH22: =+BI22&BJ22 -> 12/EXIST- | BI22: 12/EXIST | BJ22: -
A23: =1+A16 -> 4 | B23: =+B22+1 -> 22 | C23: OTROS MATERIALES DE CONCRETO ARMADO | BH23: CAC 13/EXIST- | BI23: 13/EXIST | BJ23: -
A24: =+A23+0.01 -> 4.01 | B24: =+B23+1 -> 23 | C24: Cruceta Asimétrica de C.A.V. Za / 1,5 / 0,9 / 250 / 200 / 100 daN (Za / L / L1/ T / F / V) | D24: u | T24: 1 | BH24: =+BI24&BJ24 -> 12/C5- | BI24: 12/C5 | BJ24: -
A25: =+A24+0.01 -> 4.02 | B25: =+B24+1 -> 24 | C25: Ménsula de C.A.V. M / 1,2 / 250 / 150 / 150 daN (M / L / T / F / V) | D25: u | O25: 2 | P25: 2 | T25: 2 | BH25: - -- | BI25: - | BJ25: -
A26: =+A25+0.01 -> 4.03 | B26: =+B25+1 -> 25 | C26: Plataforma de Concreto Soporte de Transformador de 2,20 m, carga de trabajo de 500 daN | D26: u | T26: 1 | BH26: 0 00
B27: =+B26+1 -> 26
A28: =1+A23 -> 5 | B28: =+B27+1 -> 27 | C28: AISLADORES Y ACCESORIOS | BH28: Retenida | BK28: Excavación (m3) | BL28: Relleno (m3) | BM28: % Relleno | BN28: Volumen de hoyo de retenida(m3) | BO28: Volumen de Chaflán (m3) | BP28: Profundidad de hoyo de retenida (m) | BQ28: Ancho de hoyo de retenida (m) | BR28: Largo de hoyo de retenida (m) | BS28: Profundidad de Chaflan (m) | BT28: Ancho de Zanja de Chaflan (m) | BU28: Largo de Zanja de Chaflan (m) | BV28: Volumen de Bloque de Concreto(m3)
A29: =+A28+0.01 -> 5.01 | B29: =+B28+1 -> 28 | C29: Aislador de Porcelana Tipo Pin, Clase ANSI 56-3 | D29: u | F29: 1 | I29: 1 | J29: 2 | L29: 1 | N29: 2
A30: =+A29+0.01 -> 5.02 | B30: =+B29+1 -> 29 | C30: Espiga de AºGº de 609 mm longitud, para Cabeza de Poste y Aislador ANSI 56-3 | D30: u | I30: 1 | J30: 2 | L30: 1
A31: =+A30+0.01 -> 5.03 | B31: =+B30+1 -> 30 | C31: Conjunto Aislador Line Post Polimérico en Cruceta: | BH31: RI | BK31: =ROUND(BN31+BO31,$BM$46) -> 1.118 | BL31: =ROUND($BK31-$BV31,Num_Dec) -> 1.094 | BM31: =BL31/BK31 -> 0.97853309 | BN31: =+BP31*BQ31*BR31 -> 0.98 | BO31: =BS31*BT31*BU31/2 -> 0.138 | BP31: 2 | BQ31: 0.7 | BR31: 0.7 | BS31: 1.15 | BT31: 0.3 | BU31: 0.8 | BV31: =0.4*0.4*0.15 -> 0.024
B32: =+B31+1 -> 31 | C32: - Aislador Polimérico de 36 kV, Tipo Line Post con Espárrago de 19 mm Ø, 200 mm longitud (Alternativa a Conjunto Aislador-Espiga en Cruceta) | D32: u | O32: 2 | P32: 2 | BH32: RV | BK32: =ROUND(BN32+BO32,$BM$46) -> 1.078 | BL32: =ROUND($BK32-$BV32,Num_Dec) -> 1.054 | BM32: =BL32/BK32 -> 0.97773655 | BN32: =+BP32*BQ32*BR32 -> 1.078 | BO32: 0 | BP32: 2.2 | BQ32: 0.7 | BR32: 0.7 | BS32: 0 | BT32: 0 | BU32: 0 | BV32: =0.4*0.4*0.15 -> 0.024
A33: 5.04 | B33: =+B32+1 -> 32 | C33: Espiga para cruceta, forjada de 381mm LONG. Para aislador Tipo Pin, Clase ANSI 56-3 | D33: u | F33: 1 | N33: 2 | BH33: RIY | BK33: =ROUND(BN33+BO33,$BM$46) -> 1.118 | BL33: =ROUND($BK33-$BV33,Num_Dec) -> 1.094 | BM33: =BL33/BK33 -> 0.97853309 | BN33: =+BP33*BQ33*BR33 -> 0.98 | BO33: =BS33*BT33*BU33/2 -> 0.138 | BP33: 2 | BQ33: 0.7 | BR33: 0.7 | BS33: 1.15 | BT33: 0.3 | BU33: 0.8 | BV33: =0.4*0.4*0.15 -> 0.024
B34: =+B33+1 -> 33 | BH34: RVY | BK34: =ROUND(BN34+BO34,$BM$46) -> 1.408 | BL34: =ROUND($BK34-$BV34,Num_Dec) -> 1.384 | BM34: =BL34/BK34 -> 0.98295455 | BN34: =+BP34*BQ34*BR34 -> 1.408 | BO34: 0 | BP34: 2.2 | BQ34: 0.8 | BR34: 0.8 | BS34: 0 | BT34: 0 | BU34: 0 | BV34: =0.4*0.4*0.15 -> 0.024
A35: =1+A28 -> 6 | B35: =+B34+1 -> 34 | C35: AISLADORES DE SUSPENSIÓN Y ACCESORIOS
A36: =+A35+0.01 -> 6.01 | B36: =+B35+1 -> 35 | C36: Grillete Recto | D36: u | G36: 1 | K36: 1 | L36: 1 | P36: 2 | BH36: Puesta a Tierra | BK36: Excavación (m3) | BL36: Relleno (m3) | BM36: % Relleno | BN36: Volumen de hoyo de P. Tierra (m3) | BO36: Volumen de Zanja (m3) | BP36: Diametro de hoyo de P. Tierra (m) | BQ36: Profundidad de hoyo de P. Tierra (m) | BR36: Ancho de Zanja de P. Tierra (m) | BS36: Profundidad de zanja de Puesta a Tierra (m) | BT36: Distancia del eje del Poste a la Varilla de P.T. (m) | BU36: Longitud de Zanja (m) | BV36: Volumen de Caja de Registro (m3)
A37: =+A36+0.01 -> 6.02 | B37: =+B36+1 -> 36 | C37: Aislador Polimerico con Conexión Horquilla (Estructura) y Lengüeta (Linea) de 36 kV, según Especificacion Técnica. | D37: u | G37: 1 | K37: 1 | L37: 1 | P37: 2
B38: =+B37+1 -> 37
A39: =1+A35 -> 7 | B39: =+B38+1 -> 38 | C39: CONDUCTOR DE ALEACIÓN DE ALUMINIO | BH39: PAT-1 | BK39: =ROUND(BN39+BO39,Num_Dec) -> 1.573 | BL39: =ROUND(BK39-BV39*1,Num_Dec) -> 1.485 | BM39: =BL39/BK39 -> 0.94405594 | BN39: =PI()*($BP39^2)*BQ39/4 -> 1.357168 | BO39: =+$BR39*$BS39*$BU39 -> 0.21618 | BP39: 0.8 | BQ39: 2.7 | BR39: 0.3 | BS39: 0.6 | BT39: 2 | BU39: 1.201 | BV39: =+ROUND(PI()*POWER(0.5,2)*0.45/4,Num_Dec) -> 0.088
A40: =+A39+0.01 -> 7.01 | B40: =+B39+1 -> 39 | C40: Conductor de Aleacion de Aluminio de 35 mm² | D40: km | AA40: 1.035 | BH40: PAT-2 | BK40: =ROUND(BN40+BO40,Num_Dec) -> 3.147 | BL40: =ROUND(BK40-BV40*1,Num_Dec) -> 2.971 | BM40: =BL40/BK40 -> 0.94407372 | BN40: =PI()*($BP40^2)*BQ40/4*2 -> 2.7143361 | BO40: =+$BR40*$BS40*$BU40*2 -> 0.43236 | BP40: 0.8 | BQ40: 2.7 | BR40: 0.3 | BS40: 0.6 | BT40: 2 | BU40: 1.201 | BV40: =+ROUND(PI()*POWER(0.5,2)*0.45/4,Num_Dec)*2 -> 0.176
B41: =+B40+1 -> 40 | BH41: PAT-3 | BK41: =ROUND(BN41+BO41,Num_Dec) -> 5.089 | BL41: =ROUND(BK41-BV41*1,Num_Dec) -> 4.825 | BM41: =BL41/BK41 -> 0.9481234 | BN41: =PI()*($BP41^2)*BQ41/4*3 -> 4.0715041 | BO41: =+$BR41*$BS41*$BU41*2+3.251*0.3*0.6 -> 1.01754 | BP41: 0.8 | BQ41: 2.7 | BR41: 0.3 | BS41: 0.6 | BT41: 2 | BU41: 1.201 | BV41: =+ROUND(PI()*POWER(0.5,2)*0.45/4,Num_Dec)*3 -> 0.264
A42: =A39+1 -> 8 | B42: =+B41+1 -> 41 | C42: ACCESORIOS PARA CONDUCTOR DE ALEACION ALUMINIO | BH42: - | BK42: =ROUND(BN42+BO42,Num_Dec) -> 0 | BL42: =ROUND(BK42-BV42*1,Num_Dec) -> 0 | BN42: =PI()*($BP42^2)*BQ42/4 -> 0 | BO42: =+$BR42*$BS42*$BU42 -> 0 | BP42: 0 | BQ42: 0 | BR42: 0 | BS42: 0 | BT42: 0 | BU42: 0 | BV42: 0
A43: =+A42+0.01 -> 8.01 | B43: =+B42+1 -> 42 | C43: Varilla de Armar preformada Simple para Conductor de 35 mm² | D43: u | I43: 1 | N43: 2 | O43: 2 | BH43: PAT-1C | BK43: =ROUND(BN43+BO43,Num_Dec) -> 0 | BL43: =ROUND(BK43-BV43*1,Num_Dec) -> 0 | BN43: =PI()*($BP43^2)*BQ43/4 -> 0 | BO43: =+$BR43*$BS43*$BU43 -> 0
A44: =+A43+0.01 -> 8.02 | B44: =+B43+1 -> 43 | C44: Grapa de Doble Via de Aluminio para Conductor de 35 mm² | D44: u | E44: 2 | F44: 2 | H44: 4 | M44: 4
A45: =+A44+0.01 -> 8.03 | B45: =+B44+1 -> 44 | C45: Alambre de Amarre Aluminio Recocido de 16 mm² | D45: m | E45: 2.5 | F45: 2.5 | I45: 2.5 | J45: 5 | L45: 2.5 | M45: 5 | N45: 5 | O45: 5 | P45: 5 | BH45: Factor para Pérdicas en el conductor | BM45: 1.035
A46: =+A45+0.01 -> 8.04 | B46: =+B45+1 -> 45 | C46: Grapa de Anclaje para Conductor de 35 mm² | D46: u | K46: 1 | L46: 1 | P46: 2 | BH46: Número de decimales de los volumenes | BM46: 3
A47: =+A46+0.01 -> 8.05 | B47: =+B46+1 -> 46 | C47: Varilla de Armar preformada Doble para Conductor de 35 mm² | D47: u | J47: 1
A48: =+A47+0.01 -> 8.06 | B48: =+B47+1 -> 47 | C48: Cinta plana de armar de aluminio | D48: m | G48: 0.6 | K48: 0.6 | L48: 0.6 | P48: 1.2
B49: =+B48+1 -> 48
A50: =1+A42 -> 9 | B50: =+B49+1 -> 49 | C50: CONDUCTOR DE COBRE
A51: =A50+0.01 -> 9.01 | B51: =+B50+1 -> 50 | C51: Cable de Acero con Recubrimiento Metalúrgico de Cu de 4 AWG (21,15 mm²), para Puesta a Tierra | D51: m | F51: 1.2 | G51: 1 | N51: 2.2 | O51: 2.5 | P51: 2.5 | Q51: 3 | R51: 3 | S51: 5 | T51: 5 | AM51: 14 | AN51: 16.5 | AO51: 20
B52: =+B51+1 -> 51
A53: =1+A50 -> 10 | B53: =+B52+1 -> 52 | C53: MATERIAL DE FERRETERIA PARA POSTES Y CRUCETAS
A54: =+A53+0.01 -> 10.01 | B54: =+B53+1 -> 53 | C54: Perno Cabeza Coche de AºGº de 13 mm Ø x 152 mm longitud, 76 mm maquinado, con Arandela, Tuerca y Contratuerca | D54: u | F54: 1 | N54: 2 | Q54: 1 | R54: 1 | S54: 2
A55: =+A54+0.01 -> 10.02 | B55: =+B54+1 -> 54 | C55: Perno de A°G° de 13 mm Ø x 305 mm, provisto de Tuerca y Contratuerca | D55: u | F55: 1 | N55: 1 | Q55: 1 | R55: 1 | S55: 1
A56: =+A55+0.01 -> 10.03 | B56: =+B55+1 -> 55 | C56: Perno de A°G° de 16 mm Ø x 254 mm, provisto de Tuerca y Contratuerca | D56: u | I56: 2 | J56: 1 | L56: 2
A57: =+A56+0.01 -> 10.04 | B57: =+B56+1 -> 56 | C57: Perno de A°G° de 16 mm Ø x 305 mm, provisto de Tuerca y Contratuerca | D57: u | Q57: 2 | R57: 2 | S57: 2 | T57: 2
A58: =+A57+0.01 -> 10.05 | B58: =+B57+1 -> 57 | C58: Perno de A°G° de 16 mm Ø x 356 mm, provisto de Tuerca y Contratuerca | D58: u | F58: 1 | N58: 1 | Q58: 1 | R58: 1 | S58: 1
A59: =+A58+0.01 -> 10.06 | B59: =+B58+1 -> 58 | C59: Perno Ojo de A°G° de 16 mm Ø x 254 mm, provisto de Tuerca y Contratuerca | D59: u | G59: 1 | K59: 1 | L59: 1
A60: =+A59+0.01 -> 10.07 | B60: =+B59+1 -> 59 | C60: Perno Doble Armado de A°G° de 16 mm Ø x 508 mm, provisto de 4 Tuercas y 4 Contratuercas | D60: u | O60: 2 | P60: 2 | T60: 2
A61: =+A60+0.01 -> 10.08 | B61: =+B60+1 -> 60 | C61: Tirafondo de A°G° de 13 mm ø x 102 mm de longitud | D61: u
A62: =+A61+0.01 -> 10.09 | B62: =+B61+1 -> 61 | C62: Brazo-Soporte (Riostra) de Perfil Angular de A°G° de 38 x 38 x 5 mm y 710 mm longitud | D62: u | F62: 1 | N62: 2 | Q62: 1 | R62: 1 | S62: 2
A63: =+A62+0.01 -> 10.1 | B63: =+B62+1 -> 62 | C63: Arandela Cuadrada Plana de A° G°, 57 x 57 x 5 mm, Agujero de 18 mm Ø | D63: u | F63: 1 | J63: 2 | N63: 3 | O63: 2 | P63: 6 | Q63: 3 | R63: 3 | S63: 3 | T63: 4
A64: =+A63+0.01 -> 10.11 | B64: =+B63+1 -> 63 | C64: Arandela Cuadrada Curva de A° G°, 57 x 57 x 5 mm, Agujero de 18 mm Ø | D64: u | F64: 2 | G64: 2 | I64: 2 | J64: 2 | K64: 2 | L64: 4 | N64: 2 | O64: 4 | P64: 4 | Q64: 4 | R64: 4 | S64: 4 | T64: 4
A65: =+A64+0.01 -> 10.12 | B65: =+B64+1 -> 64 | C65: Plantillas para Identificación y/o codificación de Postes (Peligro, Identificación y/o codificación y Fases) | D65: Jgo. | AB65: =1/12 -> 0.083333333 | AC65: =1/12 -> 0.083333333 | AD65: =1/12 -> 0.083333333 | AE65: =1/12 -> 0.083333333 | AF65: =1/12 -> 0.083333333 | AG65: =1/12 -> 0.083333333
A66: =+A65+0.01 -> 10.13 | B66: =+B65+1 -> 65 | C66: Placa de Señal de Peligro y accesorios de fijación | D66: u
A67: =+A66+0.01 -> 10.14 | B67: =+B66+1 -> 66 | C67: Placa de Identificación y/o codificación de Estructura y accesorios de fijación | D67: u
A68: =+A67+0.01 -> 10.15 | B68: =+B67+1 -> 67 | C68: Placa de Secuencia de Fases y accesorios de fijación | D68: u
A69: =+A68+0.01 -> 10.16 | B69: =+B68+1 -> 68 | C69: Perno de A°G° de 16 mm f x 457 mm, provisto de tuerca y contratuerca | D69: u | J69: 2
A70: =+A69+0.01 -> 10.17 | B70: =+B69+1 -> 69 | C70: Soporte separador de vértice de poste de A°G° fabricado con platina de 76 x 6,4 mm | D70: u | J70: 2
A71: =+A70+0.01 -> 10.18 | B71: =+B70+1 -> 70 | C71: tubo espaciador de A°G° de 19 mm x 38 mm f | D71: u | J71: 2
B72: =+B71+1 -> 71
A73: =1+A53 -> 11 | B73: =+B72+1 -> 72 | C73: RETENIDAS Y ANCLAJES
A74: =+A73+0.01 -> 11.01 | B74: =+B73+1 -> 73 | C74: Cable de Acero Grado Siemens Martin, de 10 mm Ø, 7 hilos | D74: m | AH74: 14 | AI74: 16 | AJ74: 12 | AK74: 15
A75: =+A74+0.01 -> 11.02 | B75: =+B74+1 -> 74 | C75: Varilla de Anclaje de A°G° de 16 mm Ø x 2,40 m, provisto de Ojal Guardacabo en un extremo; Tuerca y Contratuerca en el otro | D75: u | AH75: 1 | AI75: 1 | AJ75: 1 | AK75: 1
A76: =+A75+0.01 -> 11.03 | B76: =+B75+1 -> 75 | C76: Mordaza Preformada de A°G° para Cable de 10 mm Ø | D76: u | AH76: 4 | AI76: 6 | AJ76: 4 | AK76: 6
A77: =+A76+0.01 -> 11.04 | B77: =+B76+1 -> 76 | C77: Alambre de Acero N° 14 para Entorchado | D77: m | AH77: 1.5 | AI77: 1.5 | AJ77: 1.5 | AK77: 1.5
A78: =+A77+0.01 -> 11.05 | B78: =+B77+1 -> 77 | C78: Arandela de Anclaje de A°G°, 102 x 102 x 6,35 mm, Agujero de 18 mmø | D78: u | AH78: 1 | AI78: 1 | AJ78: 1 | AK78: 1
A79: =+A78+0.01 -> 11.06 | B79: =+B78+1 -> 78 | C79: Grillete de Acero de 70 kN | D79: u | AH79: 1 | AI79: 1 | AJ79: 1 | AK79: 1
A80: =+A79+0.01 -> 11.07 | B80: =+B79+1 -> 79 | C80: Enlace metálico, de 254 mm x 75 mm x 38 mm, de 70 kN de resistencia | D80: u | AH80: 1 | AI80: 1 | AJ80: 1 | AK80: 1
A81: =+A80+0.01 -> 11.08 | B81: =+B80+1 -> 80 | C81: Aislador Polimerico con Conexión Horquilla (Estructura) y Lengüeta (Linea) de 36 kV, según Especificacion Técnica, para Retenida Aislada. | D81: u | AH81: 1 | AI81: 1 | AJ81: 1 | AK81: 1
A82: =+A81+0.01 -> 11.09 | B82: =+B81+1 -> 81 | C82: Bloque de Concreto de 0,40 x 0,40 x 0,15 m | D82: u | AH82: 1 | AI82: 1 | AJ82: 1 | AK82: 1
A83: =+A82+0.01 -> 11.1 | B83: =+B82+1 -> 82 | C83: Tuerca-Ojo para Perno de 16 mm Ø | D83: u | AI83: 1 | AK83: 1
A84: =+A83+0.01 -> 11.11 | B84: =+B83+1 -> 83 | C84: Abrazadera de 4 sectores para Retenida, de 75 mm de altura, 6,35 mm de espesor y 70 kN de resistencia. Diámetro según dimensiones del poste, incluye 4 pernos de 12,7 mm Ø x 63,5 mm y 4 arandelas | D84: u | AH84: 1 | AI84: 1 | AJ84: 1 | AK84: 1
B85: =+B84+1 -> 84
A86: =1+A73 -> 12 | B86: =+B85+1 -> 85 | C86: MATERIAL PARA PUESTA A TIERRA
A87: =+A86+0.01 -> 12.01 | B87: =+B86+1 -> 86 | C87: Electrodo de Acero Recubierto de Cobre de 16 mm Ø x 2,40 m | D87: u | AM87: 1 | AN87: 2 | AO87: 3
A88: =+A87+0.01 -> 12.02 | B88: =+B87+1 -> 87 | C88: Caja Registro de Concreto para Puesta a Tierra 0,50 x 0,50 x 0,45 m | D88: u | AM88: 1 | AN88: 2 | AO88: 3
A89: =+A88+0.01 -> 12.03 | B89: =+B88+1 -> 88 | C89: Plancha Doblada de Cobre para toma a Tierra de Espigas y/o Pernos | D89: u | F89: 1 | G89: 1 | I89: 1 | J89: 1 | K89: 1 | L89: 2 | N89: 2 | O89: 2 | P89: 4 | Q89: 1 | R89: 1 | S89: 2 | T89: 2
A90: =+A89+0.01 -> 12.04 | B90: =+B89+1 -> 89 | C90: Conector de Bronce para Electrodo de 16 mm ø y Cable de Acero con Recubrimiento Metalúrgico de Cobre de 4 AWG (21,15 mm2) | D90: u | AM90: 1 | AN90: 2 | AO90: 3
A91: =+A90+0.01 -> 12.05 | B91: =+B90+1 -> 90 | C91: Conector de Cobre tipo Perno Partido para Cable de Acero con Recubrimiento Metalúrgico de Cobre de 4 AWG (21,15 mm2) | D91: u | F91: 1 | G91: 1 | N91: 1 | O91: 2 | P91: 2 | Q91: 3 | R91: 3 | S91: 3 | T91: 3
A92: =+A91+0.01 -> 12.06 | B92: =+B91+1 -> 91 | C92: Grapa en "U" para fijar conductor de PAT a Madera | D92: u | F92: 3 | Q92: 3 | R92: 3 | S92: 5
A93: =+A92+0.01 -> 12.07 | B93: =+B92+1 -> 92 | C93: Tubo Plastico de PVC SAP de 19 mm ø x 0,5 m ( incluye curva de plastico de 19 mm ø x 90º) | D93: u | AL93: 1 | AM93: 1 | AN93: 2 | AO93: 2
A94: =+A93+0.01 -> 12.08 | B94: =+B93+1 -> 93 | C94: Placa de Señalización de Poste (Puesta a Tierra) | D94: u
A95: =+A94+0.01 -> 12.09 | B95: =+B94+1 -> 94 | C95: Plantilla para Señalización de Poste (Puesta a Tierra) | D95: u | AL95: =1/15 -> 0.066666667 | AM95: =1/15 -> 0.066666667 | AN95: =1/10 -> 0.1 | AO95: =1/10 -> 0.1
A96: =+A95+0.01 -> 12.1 | B96: =+B95+1 -> 95 | C96: Bentonita sódica saco de 30 kg | D96: u | AM96: 3 | AN96: 6 | AO96: 9
B97: =+B96+1 -> 96
A98: =A86+1 -> 13 | B98: =+B97+1 -> 97 | C98: EQUIPO DE PROTECCION Y MANIOBRA
A99: =+A98+0.01 -> 13.01 | B99: =+B98+1 -> 98 | C99: Seccionador Fusible Unipolar Tipo Expulsion (Cut-Out) de 27/38 kV, 100A, 150 kV-BIL. | D99: u | Q99: 1 | R99: 1 | S99: 2 | T99: 2
A100: =+A99+0.01 -> 13.02 | B100: =+B99+1 -> 99 | C100: Fusible Tipo Expulsion de 2 A, Tipo K | D100: u | Q100: 1 | R100: 1 | S100: 2 | T100: 2
A101: =+A100+0.01 -> 13.03 | B101: =+B100+1 -> 100 | C101: Pararrayos de Oxido Metalico, 21 kV, 10 KA Clase 1 | D101: u | Q101: 1 | R101: 1 | S101: 2 | T101: 2
...

Sheet REDCAD
A1: 1 | B1: =+A1+1 -> 2 | C1: =+B1+1 -> 3 | D1: =+C1+1 -> 4 | E1: =+D1+1 -> 5 | F1: =+E1+1 -> 6 | G1: =+F1+1 -> 7 | H1: =+G1+1 -> 8 | I1: =+H1+1 -> 9 | ... BI1: =+BH1+1 -> 61
A2: ID | B2: N° | C2: Localidad | D2: N° SED | E2: N° Estructura | F2: Arm. Primario | G2: Arm. Secundario | H2: RI | I2: RV | J2: PAT | K2: Conductor | L2: Vano-m | M2: Num. Fases | N2: Soporte | O2: Cantidad de Soportes | P2: Subestación | Q2: Seccionadores | R2: Pararrayos | S2: Coordenada X | T2: Coordenada Y | U2: Conexiones I | V2: Conexiones L | W2: Conexiones T | X2: Conexiones + | Y2: Retenida Inclinada de RS | Z2: Retenida Vertical de RS | AA2: Retenida Inclinada de RP | AB2: Retenida Vertical de RP | AC2: Retenida Inclinada de LP | AD2: Retenida Vertical de LP | AE2: Retenida Inclinada Existente de RS | AF2: Retenida Vertical Existente de RS | AG2: Retenida Inclinada Existente de RP | AH2: Retenida Vertical Existente de RP | AI2: Retenida Inclinada en Y de RS | AJ2: Retenida Vertical en Y de RS | AK2: Retenida Inclinada en Y de RP | AL2: Retenida Vertical en Y de RP | AM2: Terreno_I Poste % | AN2: Terreno_II Poste % | AO2: Cimentacion | AP2: Terreno_I Retenida % | AQ2: Terreno_II Retenida % | AR2: Terreno_I PAT % | AS2: Terreno_II PAT % | AT2: Cemento Conductivo | AU2: Accesibilidad | AV2: Fusibles | AW2: AMORTIGUADOR | AX2: Area | AY2: SISTEMA | AZ2: VEREDA | BA2: TIPO MATERIAL | BB2: POSTE | BC2: LONGITUD | BD2: DESPEJE DE ARBOLES | BE2: CODIGO NTCSE | BF2: CODIGO INVENTARIO | BG2: CODIGOD NTCSE SED | BH2: CODIGO NTCSE SECCIONADOR | BI2: ID | BK2: SOPORTE | BL2: USO | BM2: MATERIAL | BN2: ALTURA/CARGA DE TRABJO | BO2: LONGITUD | BV2: N° | BW2: LOCALIDAD | BX2: DEPARTAMENTO | BY2: PROVINCIA | BZ2: DISTRITO | CA2: SISTEMA
A3: 1 | B3: 1 | C3: CONCHIPAMPA | D3: - | E3: 0 | F3: - | G3: DS-0 | H3: 0 | I3: 0 | J3: - | K3: 35 mm² AAAC | L3: 0 | M3: 1 | N3: - | O3: 0 | P3: - | Q3: 0 | R3: 0 | S3: 174368.64 | T3: 8980122.95 | U3: 0 | V3: 0 | W3: 0 | X3: 0 | Y3: 0 | Z3: 0 | AA3: 0 | AB3: 0 | AC3: 0 | AD3: 0 | AE3: 0 | AF3: 0 | AG3: 0 | AH3: 0 | AM3: 0 | AN3: 0 | AO3: - | AT3: 0 | AU3: SI | AV3: =+IF(M3<>0,VLOOKUP($P3,TRAFOS,4,0),"-") -> - | AW3: =IF($L3<250,0,IF($L3<400,$M3*2,IF($L3<600,$M3*4,$M3*6))) -> 0 | AX3: 2 | AY3: =+IF(P3<>0,VLOOKUP($P3,TRAFOS,3,0),"-") -> - | AZ3: =+IF(B3<>0,"NO","-") -> NO | BA3: =+IF($N3<>0,VLOOKUP($N3,POSTES,3,0),"-") -> - | BB3: =+IF($N3<>0,VLOOKUP($N3,POSTES,4,0),"-") -> - | BC3: =+IF($N3<>0,VLOOKUP($N3,POSTES,5,0),0) -> - | BI3: 1 | BK3: CAC RS Existente | BL3: BT | BM3: CAC | BN3: 8/200-E | BO3: 8 | BV3: 1 | BW3: CONCHIPAMPA | BX3: ANCASH | BY3: HUAYLAS | BZ3: PAMPAROMÁS | CA3: 1Ø | CD3: =+SUM(AM3:AN3) -> 0 | CE3: =+SUM(AP3:AQ3) -> 0 | CF3: =+SUM(AR3:AS3) -> 0
A4: =+A3+1 -> 2 | B4: 1 | C4: CONCHIPAMPA | D4: - | E4: 1 | F4: TS-0 | G4: - | H4: 1 | I4: 0 | J4: PAT-1C | K4: 35 mm² AAAC | L4: 22.2 | M4: 1 | N4: CAC 12/300 | O4: 1 | P4: - | Q4: 0 | R4: 0 | S4: 174390.7176 | T4: 8980123.4154 | U4: 0 | V4: 0 | W4: 0 | X4: 0 | Y4: 0 | Z4: 0 | AA4: 1 | AB4: 0 | AC4: 0 | AD4: 0 | AE4: 0 | AF4: 0 | AG4: 0 | AH4: 0 | AK4: 0 | AL4: 0 | AM4: 1 | AN4: 0 | AO4: CI-C | AP4: 1 | AQ4: 0 | AR4: 1 | AS4: 0 | AT4: 0 | AU4: SI | AV4: =+IF(M4<>0,VLOOKUP($P4,TRAFOS,4,0),"-") -> - | AW4: =IF($L4<250,0,IF($L4<400,$M4*2,IF($L4<600,$M4*4,$M4*6))) -> 0 | AX4: 2 | AY4: =+IF(P4<>0,VLOOKUP($P4,TRAFOS,3,0),"-") -> - | AZ4: =+IF(B4<>0,"NO","-") -> NO | BA4: =+IF($N4<>0,VLOOKUP($N4,POSTES,3,0),"-") -> CAC | BB4: =+IF($N4<>0,VLOOKUP($N4,POSTES,4,0),"-") -> 12/300 | BC4: =+IF($N4<>0,VLOOKUP($N4,POSTES,5,0),0) -> 12 | BI4: =+BI3+1 -> 2 | BK4: CAC 11/200-E | BL4: MT | BM4: CAC | BN4: 11/200 | BO4: 11 | BQ4: TRAFO | BR4: POTENCIA | BS4: SISTEMA | BT4: FUSIBLE | BV4: 2 | BW4: PUEBLO NUEVO HUASCAR | BX4: ANCASH | BY4: HUAYLAS | BZ4: PAMPAROMÁS | CA4: 1Ø | CD4: =+SUM(AM4:AN4) -> 1 | CE4: =+SUM(AP4:AQ4) -> 1 | CF4: =+SUM(AR4:AS4) -> 1
A5: =+A4+1 -> 3 | B5: 1 | C5: CONCHIPAMPA | D5: - | E5: 2 | F5: TS-0 | G5: - | H5: 1 | I5: 0 | J5: PAT-1C | K5: 35 mm² AAAC | L5: 45.3 | M5: 1 | N5: CAC 12/300 | O5: 1 | P5: - | Q5: 0 | R5: 0 | S5: 174434.0564 | T5: 8980110.6284 | U5: 0 | V5: 0 | W5: 0 | X5: 0 | Y5: 0 | Z5: 0 | AA5: 1 | AB5: 0 | AC5: 0 | AD5: 0 | AE5: 0 | AF5: 0 | AG5: 0 | AH5: 0 | AK5: 0 | AL5: 0 | AM5: 1 | AN5: 0 | AO5: CI-C | AP5: 1 | AQ5: 0 | AR5: 1 | AS5: 0 | AT5: 0 | AU5: SI | AV5: =+IF(M5<>0,VLOOKUP($P5,TRAFOS,4,0),"-") -> - | AW5: =IF($L5<250,0,IF($L5<400,$M5*2,IF($L5<600,$M5*4,$M5*6))) -> 0 | AX5: 2 | AY5: =+IF(P5<>0,VLOOKUP($P5,TRAFOS,3,0),"-") -> - | AZ5: =+IF(B5<>0,"NO","-") -> NO | BA5: =+IF($N5<>0,VLOOKUP($N5,POSTES,3,0),"-") -> CAC | BB5: =+IF($N5<>0,VLOOKUP($N5,POSTES,4,0),"-") -> 12/300 | BC5: =+IF($N5<>0,VLOOKUP($N5,POSTES,5,0),0) -> 12 | BI5: =+BI4+1 -> 3 | BK5: CAC 12/300-E | BL5: MT | BM5: CAC | BN5: 12/300 | BO5: 12 | BQ5: 5kVA-1ø-13,2kV | BR5: 5 | BS5: 13,2kV | BT5: 2A-K | BV5: 3 | BW5: HUANCA | BX5: ANCASH | BY5: HUAYLAS | BZ5: PAMPAROMÁS | CA5: 1Ø | CD5: =+SUM(AM5:AN5) -> 1 | CE5: =+SUM(AP5:AQ5) -> 1 | CF5: =+SUM(AR5:AS5) -> 1
A6: =+A5+1 -> 4 | B6: 1 | C6: CONCHIPAMPA | D6: 01 | E6: 3 | F6: PS1-0 | G6: SMM-2P | H6: 0 | I6: 0 | J6: PAT-3 | K6: 35 mm² AAAC | L6: 29.8 | M6: 1 | N6: CAC 12/300 | O6: 1 | P6: 5kVA-1ø-13,2kV | Q6: 1 | R6: 1 | S6: 174461.1523 | T6: 8980123.1393 | U6: 0 | V6: 0 | W6: 0 | X6: 0 | Y6: 0 | Z6: 0 | AA6: 0 | AB6: 0 | AC6: 0 | AD6: 0 | AE6: 0 | AF6: 0 | AG6: 0 | AH6: 0 | AM6: 1 | AN6: 0 | AO6: CI-C | AR6: 1 | AS6: 0 | AT6: 0 | AU6: SI | AV6: =+IF(M6<>0,VLOOKUP($P6,TRAFOS,4,0),"-") -> 2A-K | AW6: =IF($L6<250,0,IF($L6<400,$M6*2,IF($L6<600,$M6*4,$M6*6))) -> 0 | AX6: 2 | AY6: =+IF(P6<>0,VLOOKUP($P6,TRAFOS,3,0),"-") -> 13,2kV | AZ6: =+IF(B6<>0,"NO","-") -> NO | BA6: =+IF($N6<>0,VLOOKUP($N6,POSTES,3,0),"-") -> CAC | BB6: =+IF($N6<>0,VLOOKUP($N6,POSTES,4,0),"-") -> 12/300 | BC6: =+IF($N6<>0,VLOOKUP($N6,POSTES,5,0),0) -> 12 | BI6: =+BI5+1 -> 4 | BK6: CAC 12/200 | BL6: MT | BM6: CAC | BN6: 12/200 | BO6: 12 | BQ6: 10kVA-1ø-13,2kV | BR6: 10 | BS6: 13,2kV | BT6: 2A-K | BV6: 4 | BW6: ALIZO | BX6: ANCASH | BY6: SANTA | BZ6: CACERES DEL PERU | CA6: 1Ø | CD6: =+SUM(AM6:AN6) -> 1 | CE6: =+SUM(AP6:AQ6) -> 0 | CF6: =+SUM(AR6:AS6) -> 1
A7: =+A6+1 -> 5 | B7: 2 | C7: PUEBLO NUEVO HUASCAR | D7: - | E7: 0 | F7: - | G7: DS-0 | H7: 0 | I7: 0 | J7: - | K7: 35 mm² AAAC | L7: 0 | M7: 1 | N7: - | O7: 0 | P7: - | Q7: 0 | R7: 0 | S7: 172081.9996 | T7: 8982503.9895 | U7: 0 | V7: 0 | W7: 0 | X7: 0 | Y7: 0 | Z7: 0 | AA7: 0 | AB7: 0 | AC7: 0 | AD7: 0 | AE7: 0 | AF7: 0 | AG7: 0 | AH7: 0 | AM7: 0 | AN7: 0 | AO7: - | AT7: 0 | AU7: SI | AV7: =+IF(M7<>0,VLOOKUP($P7,TRAFOS,4,0),"-") -> - | AW7: =IF($L7<250,0,IF($L7<400,$M7*2,IF($L7<600,$M7*4,$M7*6))) -> 0 | AX7: 2 | AY7: =+IF(P7<>0,VLOOKUP($P7,TRAFOS,3,0),"-") -> - | AZ7: =+IF(B7<>0,"NO","-") -> NO | BA7: =+IF($N7<>0,VLOOKUP($N7,POSTES,3,0),"-") -> - | BB7: =+IF($N7<>0,VLOOKUP($N7,POSTES,4,0),"-") -> - | BC7: =+IF($N7<>0,VLOOKUP($N7,POSTES,5,0),0) -> - | BI7: =+BI6+1 -> 5 | BK7: CAC 12/300 | BL7: MT | BM7: CAC | BN7: 12/300 | BO7: 12 | BQ7: 15kVA-1ø-13,2kV | BR7: 15 | BS7: 13,2kV | BT7: 3A-K | BV7: 5 | BW7: COTOHUAIN | BX7: ANCASH | BY7: SANTA | BZ7: CACERES DEL PERU | CA7: 1Ø | CD7: =+SUM(AM7:AN7) -> 0 | CE7: =+SUM(AP7:AQ7) -> 0 | CF7: =+SUM(AR7:AS7) -> 0
A8: =+A7+1 -> 6 | B8: 2 | C8: PUEBLO NUEVO HUASCAR | D8: - | E8: 1 | F8: TS-0 | G8: - | H8: 1 | I8: 0 | J8: PAT-1C | K8: 35 mm² AAAC | L8: 29 | M8: 1 | N8: CAC 12/300 | O8: 1 | P8: - | Q8: 0 | R8: 0 | S8: 172058.9236 | T8: 8982521.5358 | U8: 0 | V8: 0 | W8: 0 | X8: 0 | Y8: 0 | Z8: 0 | AA8: 1 | AB8: 0 | AC8: 0 | AD8: 0 | AE8: 0 | AF8: 0 | AG8: 0 | AH8: 0 | AK8: 0 | AL8: 0 | AM8: 1 | AN8: 0 | AO8: CI-C | AP8: 1 | AQ8: 0 | AR8: 1 | AS8: 0 | AT8: 4 | AU8: SI | AV8: =+IF(M8<>0,VLOOKUP($P8,TRAFOS,4,0),"-") -> - | AW8: =IF($L8<250,0,IF($L8<400,$M8*2,IF($L8<600,$M8*4,$M8*6))) -> 0 | AX8: 2 | AY8: =+IF(P8<>0,VLOOKUP($P8,TRAFOS,3,0),"-") -> - | AZ8: =+IF(B8<>0,"NO","-") -> NO | BA8: =+IF($N8<>0,VLOOKUP($N8,POSTES,3,0),"-") -> CAC | BB8: =+IF($N8<>0,VLOOKUP($N8,POSTES,4,0),"-") -> 12/300 | BC8: =+IF($N8<>0,VLOOKUP($N8,POSTES,5,0),0) -> 12 | BI8: =+BI7+1 -> 6 | BK8: CAC 13/300 | BL8: MT | BM8: CAC | BN8: 13/300 | BO8: 13 | BQ8: 25kVA-1ø-13,2kV | BR8: 25 | BS8: 13,2kV | BT8: 3A-K | BV8: 6 | BW8: CUTICALLA | BX8: ANCASH | BY8: SANTA | BZ8: CACERES DEL PERU | CA8: 1Ø | CD8: =+SUM(AM8:AN8) -> 1 | CE8: =+SUM(AP8:AQ8) -> 1 | CF8: =+SUM(AR8:AS8) -> 1
A9: =+A8+1 -> 7 | B9: 2 | C9: PUEBLO NUEVO HUASCAR | D9: - | E9: 2 | F9: PA1-0 | G9: - | H9: 1 | I9: 0 | J9: PAT-1C | K9: 35 mm² AAAC | L9: 115.4 | M9: 1 | N9: CAC 12/300 | O9: 1 | P9: - | Q9: 0 | R9: 0 | S9: 172038.253 | T9: 8982634.9787 | U9: 0 | V9: 0 | W9: 0 | X9: 0 | Y9: 0 | Z9: 0 | AA9: 1 | AB9: 0 | AC9: 0 | AD9: 0 | AE9: 0 | AF9: 0 | AG9: 0 | AH9: 0 | AK9: 0 | AL9: 0 | AM9: 1 | AN9: 0 | AO9: CI-C | AP9: 1 | AQ9: 0 | AR9: 1 | AS9: 0 | AT9: 0 | AU9: SI | AV9: =+IF(M9<>0,VLOOKUP($P9,TRAFOS,4,0),"-") -> - | AW9: =IF($L9<250,0,IF($L9<400,$M9*2,IF($L9<600,$M9*4,$M9*6))) -> 0 | AX9: 2 | AY9: =+IF(P9<>0,VLOOKUP($P9,TRAFOS,3,0),"-") -> - | AZ9: =+IF(B9<>0,"NO","-") -> NO | BA9: =+IF($N9<>0,VLOOKUP($N9,POSTES,3,0),"-") -> CAC | BB9: =+IF($N9<>0,VLOOKUP($N9,POSTES,4,0),"-") -> 12/300 | BC9: =+IF($N9<>0,VLOOKUP($N9,POSTES,5,0),0) -> 12 | BI9: =+BI8+1 -> 7 | BK9: CAC 13/400 | BL9: MT | BM9: CAC | BN9: 13/400 | BO9: 13 | BQ9: - | BR9: - | BS9: - | BT9: - | BV9: 7 | BW9: HICHIK YACU | BX9: ANCASH | BY9: SANTA | BZ9: CACERES DEL PERU | CA9: 1Ø | CD9: =+SUM(AM9:AN9) -> 1 | CE9: =+SUM(AP9:AQ9) -> 1 | CF9: =+SUM(AR9:AS9) -> 1
A10: =+A9+1 -> 8 | B10: 2 | C10: PUEBLO NUEVO HUASCAR | D10: - | E10: 3 | F10: TS-0 | G10: - | H10: 1 | I10: 0 | J10: PAT-1C | K10: 35 mm² AAAC | L10: 63.1 | M10: 1 | N10: CAC 12/300 | O10: 1 | P10: - | Q10: 0 | R10: 0 | S10: 172036.9713 | T10: 8982697.9748 | U10: 0 | V10: 0 | W10: 0 | X10: 0 | Y10: 0 | Z10: 0 | AA10: 1 | AB10: 0 | AC10: 0 | AD10: 0 | AE10: 0 | AF10: 0 | AG10: 0 | AH10: 0 | AK10: 0 | AL10: 0 | AM10: 1 | AN10: 0 | AO10: CI-C | AP10: 1 | AQ10: 0 | AR10: 1 | AS10: 0 | AT10: 2 | AU10: SI | AV10: =+IF(M10<>0,VLOOKUP($P10,TRAFOS,4,0),"-") -> - | AW10: =IF($L10<250,0,IF($L10<400,$M10*2,IF($L10<600,$M10*4,$M10*6))) -> 0 | AX10: 2 | AY10: =+IF(P10<>0,VLOOKUP($P10,TRAFOS,3,0),"-") -> - | AZ10: =+IF(B10<>0,"NO","-") -> NO | BA10: =+IF($N10<>0,VLOOKUP($N10,POSTES,3,0),"-") -> CAC | BB10: =+IF($N10<>0,VLOOKUP($N10,POSTES,4,0),"-") -> 12/300 | BC10: =+IF($N10<>0,VLOOKUP($N10,POSTES,5,0),0) -> 12 | BI10: =+BI9+1 -> 8 | BK10: MAD 12/C5 | BL10: MT | BM10: MAD | BN10: 12/C5 | BO10: 12 | BQ10: 5kVA-2ø-22,9kV | BR10: 5 | BS10: 22,9kV | BT10: 2A-K | BV10: 8 | BW10: MAL PASO | BX10: ANCASH | BY10: SANTA | BZ10: CACERES DEL PERU | CA10: 1Ø | CD10: =+SUM(AM10:AN10) -> 1 | CE10: =+SUM(AP10:AQ10) -> 1 | CF10: =+SUM(AR10:AS10) -> 1
A11: =+A10+1 -> 9 | B11: 2 | C11: PUEBLO NUEVO HUASCAR | D11: - | E11: 4 | F11: PA1-0 | G11: - | H11: 0 | I11: 0 | J11: PAT-1C | K11: 35 mm² AAAC | L11: 36.4 | M11: 1 | N11: CAC 12/300 | O11: 1 | P11: - | Q11: 0 | R11: 0 | S11: 172070.8955 | T11: 8982711.1068 | U11: 0 | V11: 0 | W11: 0 | X11: 0 | Y11: 0 | Z11: 0 | AA11: 0 | AB11: 0 | AC11: 0 | AD11: 0 | AE11: 0 | AF11: 0 | AG11: 0 | AH11: 0 | AM11: 1 | AN11: 0 | AO11: CI-C | AR11: 1 | AS11: 0 | AT11: 0 | AU11: SI | AV11: =+IF(M11<>0,VLOOKUP($P11,TRAFOS,4,0),"-") -> - | AW11: =IF($L11<250,0,IF($L11<400,$M11*2,IF($L11<600,$M11*4,$M11*6))) -> 0 | AX11: 2 | AY11: =+IF(P11<>0,VLOOKUP($P11,TRAFOS,3,0),"-") -> - | AZ11: =+IF(B11<>0,"NO","-") -> NO | BA11: =+IF($N11<>0,VLOOKUP($N11,POSTES,3,0),"-") -> CAC | BB11: =+IF($N11<>0,VLOOKUP($N11,POSTES,4,0),"-") -> 12/300 | BC11: =+IF($N11<>0,VLOOKUP($N11,POSTES,5,0),0) -> 12 | BI11: =+BI10+1 -> 9 | BK11: - | BL11: - | BM11: - | BN11: - | BO11: - | BQ11: 10kVA-2ø-13,8kV | BR11: 10 | BS11: 13,8kV | BT11: 2A-K | BV11: 9 | BW11: QUESHQUE | BX11: ANCASH | BY11: SANTA | BZ11: CACERES DEL PERU | CA11: 1Ø | CD11: =+SUM(AM11:AN11) -> 1 | CE11: =+SUM(AP11:AQ11) -> 0 | CF11: =+SUM(AR11:AS11) -> 1
A12: =+A11+1 -> 10 | B12: 2 | C12: PUEBLO NUEVO HUASCAR | D12: - | E12: 5 | F12: PA1-0 | G12: - | H12: 0 | I12: 0 | J12: PAT-1C | K12: 35 mm² AAAC | L12: 37.9 | M12: 1 | N12: CAC 12/300 | O12: 1 | P12: - | Q12: 0 | R12: 0 | S12: 172079.0269 | T12: 8982674.0201 | U12: 0 | V12: 0 | W12: 0 | X12: 0 | Y12: 0 | Z12: 0 | AA12: 0 | AB12: 0 | AC12: 0 | AD12: 0 | AE12: 0 | AF12: 0 | AG12: 0 | AH12: 0 | AM12: 1 | AN12: 0 | AO12: CI-C | AR12: 1 | AS12: 0 | AT12: 0 | AU12: SI | AV12: =+IF(M12<>0,VLOOKUP($P12,TRAFOS,4,0),"-") -> - | AW12: =IF($L12<250,0,IF($L12<400,$M12*2,IF($L12<600,$M12*4,$M12*6))) -> 0 | AX12: 2 | AY12: =+IF(P12<>0,VLOOKUP($P12,TRAFOS,3,0),"-") -> - | AZ12: =+IF(B12<>0,"NO","-") -> NO | BA12: =+IF($N12<>0,VLOOKUP($N12,POSTES,3,0),"-") -> CAC | BB12: =+IF($N12<>0,VLOOKUP($N12,POSTES,4,0),"-") -> 12/300 | BC12: =+IF($N12<>0,VLOOKUP($N12,POSTES,5,0),0) -> 12 | BI12: =+BI11+1 -> 10 | BK12: PRFV 12/200 | BL12: MT | BM12: PRFV | BN12: 12/200 | BO12: 12 | BQ12: 5kVA-2ø-13,8kV | BR12: 5 | BS12: 13,8kV | BT12: 2A-K | BV12: 10 | BW12: QUITA COLCAP | BX12: ANCASH | BY12: SANTA | BZ12: CACERES DEL PERU | CA12: 1Ø | CD12: =+SUM(AM12:AN12) -> 1 | CE12: =+SUM(AP12:AQ12) -> 0 | CF12: =+SUM(AR12:AS12) -> 1
A13: =+A12+1 -> 11 | B13: 2 | C13: PUEBLO NUEVO HUASCAR | D13: 01 | E13: 6 | F13: PS1-0 | G13: SMM-2P | H13: 0 | I13: 0 | J13: PAT-3 | K13: 35 mm² AAAC | L13: 38 | M13: 1 | N13: CAC 12/300 | O13: 1 | P13: 5kVA-1ø-13,2kV | Q13: 1 | R13: 1 | S13: 172115.8626 | T13: 8982666.8032 | U13: 0 | V13: 0 | W13: 0 | X13: 0 | Y13: 0 | Z13: 0 | AA13: 0 | AB13: 0 | AC13: 0 | AD13: 0 | AE13: 0 | AF13: 0 | AG13: 0 | AH13: 0 | AM13: 1 | AN13: 0 | AO13: CI-C | AR13: 1 | AS13: 0 | AT13: 0 | AU13: SI | AV13: =+IF(M13<>0,VLOOKUP($P13,TRAFOS,4,0),"-") -> 2A-K | AW13: =IF($L13<250,0,IF($L13<400,$M13*2,IF($L13<600,$M13*4,$M13*6))) -> 0 | AX13: 2 | AY13: =+IF(P13<>0,VLOOKUP($P13,TRAFOS,3,0),"-") -> 13,2kV | AZ13: =+IF(B13<>0,"NO","-") -> NO | BA13: =+IF($N13<>0,VLOOKUP($N13,POSTES,3,0),"-") -> CAC | BB13: =+IF($N13<>0,VLOOKUP($N13,POSTES,4,0),"-") -> 12/300 | BC13: =+IF($N13<>0,VLOOKUP($N13,POSTES,5,0),0) -> 12 | BI13: =+BI12+1 -> 11 | BK13: PRFV 12/300 | BL13: MT | BM13: PRFV | BN13: 12/300 | BO13: 12 | BQ13: 25kVA-2ø-13,8kV | BR13: 25 | BS13: 13,8kV | BT13: 3A-K | BV13: 11 | BW13: SHUCUQUI | BX13: ANCASH | BY13: SANTA | BZ13: CACERES DEL PERU | CA13: 1Ø | CD13: =+SUM(AM13:AN13) -> 1 | CE13: =+SUM(AP13:AQ13) -> 0 | CF13: =+SUM(AR13:AS13) -> 1
A14: =+A13+1 -> 12 | B14: 3 | C14: HUANCA | D14: - | E14: 0 | F14: - | G14: DS-0 | H14: 0 | I14: 0 | J14: - | K14: 35 mm² AAAC | L14: 0 | M14: 1 | N14: - | O14: 0 | P14: - | Q14: 0 | R14: 0 | S14: 173294.2221 | T14: 8978052.0843 | U14: 0 | V14: 0 | W14: 0 | X14: 0 | Y14: 0 | Z14: 0 | AA14: 0 | AB14: 0 | AC14: 0 | AD14: 0 | AE14: 0 | AF14: 0 | AG14: 0 | AH14: 0 | AM14: 0 | AN14: 0 | AO14: - | AU14: NO | AV14: =+IF(M14<>0,VLOOKUP($P14,TRAFOS,4,0),"-") -> - | AW14: =IF($L14<250,0,IF($L14<400,$M14*2,IF($L14<600,$M14*4,$M14*6))) -> 0 | AX14: 2 | AY14: =+IF(P14<>0,VLOOKUP($P14,TRAFOS,3,0),"-") -> - | AZ14: =+IF(B14<>0,"NO","-") -> NO | BA14: =+IF($N14<>0,VLOOKUP($N14,POSTES,3,0),"-") -> - | BB14: =+IF($N14<>0,VLOOKUP($N14,POSTES,4,0),"-") -> - | BC14: =+IF($N14<>0,VLOOKUP($N14,POSTES,5,0),0) -> - | BI14: =+BI13+1 -> 12 | BK14: MAD MT Existente | BL14: MT | BM14: MAD | BN14: 12/C5-E | BO14: 12 | BQ14: 37.5kVA-2ø-13,8kV | BR14: 37.5 | BS14: 13,8kV | BT14: 3A-K | BV14: 12 | BW14: MIRAFLORES LOS ALAMOS | BX14: ANCASH | BY14: SANTA | BZ14: CACERES DEL PERU | CA14: 1Ø | CD14: =+SUM(AM14:AN14) -> 0 | CE14: =+SUM(AP14:AQ14) -> 0 | CF14: =+SUM(AR14:AS14) -> 0
A15: =+A14+1 -> 13 | B15: 3 | C15: HUANCA | D15: 01 | E15: 1 | F15: PS1-0 | G15: SMM-2P | H15: 0 | I15: 0 | J15: PAT-3 | K15: 35 mm² AAAC | L15: 24.2 | M15: 1 | N15: PRFV 12/300 | O15: 1 | P15: 5kVA-1ø-13,2kV | Q15: 1 | R15: 1 | S15: 173284.3471 | T15: 8978074.0845 | U15: 0 | V15: 0 | W15: 0 | X15: 0 | Y15: 0 | Z15: 0 | AA15: 0 | AB15: 0 | AC15: 0 | AD15: 0 | AE15: 0 | AF15: 0 | AG15: 0 | AH15: 0 | AM15: 1 | AN15: 0 | AO15: CI-C | AR15: 1 | AS15: 0 | AU15: NO | AV15: =+IF(M15<>0,VLOOKUP($P15,TRAFOS,4,0),"-") -> 2A-K | AW15: =IF($L15<250,0,IF($L15<400,$M15*2,IF($L15<600,$M15*4,$M15*6))) -> 0 | AX15: 2 | AY15: =+IF(P15<>0,VLOOKUP($P15,TRAFOS,3,0),"-") -> 13,2kV | AZ15: =+IF(B15<>0,"NO","-") -> NO | BA15: =+IF($N15<>0,VLOOKUP($N15,POSTES,3,0),"-") -> PRFV | BB15: =+IF($N15<>0,VLOOKUP($N15,POSTES,4,0),"-") -> 12/300 | BC15: =+IF($N15<>0,VLOOKUP($N15,POSTES,5,0),0) -> 12 | BI15: =+BI14+1 -> 13 | BK15: CAC MT Existente | BL15: MT | BM15: CAC | BN15: 12/200-E | BO15: 12 | BQ15: 25kVA-3øE-22,9kV-Existente | BR15: 25 | BS15: 22,9kV | BV15: 13 | BW15: SHIJISPAMPA | BX15: ANCASH | BY15: SANTA | BZ15: CACERES DEL PERU | CA15: 1Ø | CD15: =+SUM(AM15:AN15) -> 1 | CE15: =+SUM(AP15:AQ15) -> 0 | CF15: =+SUM(AR15:AS15) -> 1
A16: =+A15+1 -> 14 | B16: 6 | C16: CUTICALLA | D16: - | E16: 0 | F16: - | G16: DS-0 | H16: 0 | I16: 0 | J16: - | K16: 35 mm² AAAC | L16: 0 | M16: 1 | N16: - | O16: 0 | P16: - | Q16: 0 | R16: 0 | S16: 827655.2368 | T16: 9006937.0561 | U16: 0 | V16: 0 | W16: 0 | X16: 0 | Y16: 0 | Z16: 0 | AA16: 0 | AB16: 0 | AC16: 0 | AD16: 0 | AE16: 0 | AF16: 0 | AG16: 0 | AH16: 0 | AM16: 0 | AN16: 0 | AO16: - | AU16: NO | AV16: =+IF(M16<>0,VLOOKUP($P16,TRAFOS,4,0),"-") -> - | AW16: =IF($L16<250,0,IF($L16<400,$M16*2,IF($L16<600,$M16*4,$M16*6))) -> 0 | AX16: 2 | AY16: =+IF(P16<>0,VLOOKUP($P16,TRAFOS,3,0),"-") -> - | AZ16: =+IF(B16<>0,"NO","-") -> NO | BA16: =+IF($N16<>0,VLOOKUP($N16,POSTES,3,0),"-") -> - | BB16: =+IF($N16<>0,VLOOKUP($N16,POSTES,4,0),"-") -> - | BC16: =+IF($N16<>0,VLOOKUP($N16,POSTES,5,0),0) -> - | BI16: =+BI15+1 -> 14 | BQ16: 40kVA-3øE-22,9kV-Existente | BR16: 40 | BS16: 22,9kV | BV16: 14 | BW16: ANCHACANCHA-JACANAN | BX16: ANCASH | BY16: SANTA | BZ16: CACERES DEL PERU | CA16: 1Ø | CD16: =+SUM(AM16:AN16) -> 0 | CE16: =+SUM(AP16:AQ16) -> 0 | CF16: =+SUM(AR16:AS16) -> 0
A17: =+A16+1 -> 15 | B17: 6 | C17: CUTICALLA | D17: 01 | E17: 1 | F17: PS1-0 | G17: SMM-2P | H17: 0 | I17: 0 | J17: PAT-3 | K17: 35 mm² AAAC | L17: 30.6 | M17: 1 | N17: PRFV 12/300 | O17: 1 | P17: 5kVA-1ø-13,2kV | Q17: 1 | R17: 1 | S17: 827664.3627 | T17: 9006966.2543 | U17: 0 | V17: 0 | W17: 0 | X17: 0 | Y17: 0 | Z17: 0 | AA17: 0 | AB17: 0 | AC17: 0 | AD17: 0 | AE17: 0 | AF17: 0 | AG17: 0 | AH17: 0 | AM17: 1 | AN17: 0 | AO17: CI-C | AR17: 1 | AS17: 0 | AU17: NO | AV17: =+IF(M17<>0,VLOOKUP($P17,TRAFOS,4,0),"-") -> 2A-K | AW17: =IF($L17<250,0,IF($L17<400,$M17*2,IF($L17<600,$M17*4,$M17*6))) -> 0 | AX17: 2 | AY17: =+IF(P17<>0,VLOOKUP($P17,TRAFOS,3,0),"-") -> 13,2kV | AZ17: =+IF(B17<>0,"NO","-") -> NO | BA17: =+IF($N17<>0,VLOOKUP($N17,POSTES,3,0),"-") -> PRFV | BB17: =+IF($N17<>0,VLOOKUP($N17,POSTES,4,0),"-") -> 12/300 | BC17: =+IF($N17<>0,VLOOKUP($N17,POSTES,5,0),0) -> 12 | BI17: =+BI16+1 -> 15 | BQ17: 50kVA-3øE-22,9kV-Existente | BR17: 50 | BS17: 22,9kV | BV17: 15 | BW17: AGUA QUITA ALIZO | BX17: ANCASH | BY17: SANTA | BZ17: MACATE | CA17: 1Ø | CD17: =+SUM(AM17:AN17) -> 1 | CE17: =+SUM(AP17:AQ17) -> 0 | CF17: =+SUM(AR17:AS17) -> 1
A18: =+A17+1 -> 16 | B18: 7 | C18: HICHIK YACU | D18: - | E18: 0 | F18: DS-0 | G18: DS-0A | H18: 0 | I18: 0 | J18: - | K18: 35 mm² AAAC | L18: 0 | M18: 2 | N18: - | O18: 0 | P18: - | Q18: 0 | R18: 0 | S18: 820915.9873 | T18: 9007045.0102 | U18: 0 | V18: 0 | W18: 0 | X18: 0 | Y18: 0 | Z18: 0 | AA18: 0 | AB18: 0 | AC18: 0 | AD18: 0 | AE18: 0 | AF18: 0 | AG18: 0 | AH18: 0 | AM18: 0 | AN18: 0 | AO18: - | AT18: 0 | AU18: SI | AV18: =+IF(M18<>0,VLOOKUP($P18,TRAFOS,4,0),"-") -> - | AW18: =IF($L18<250,0,IF($L18<400,$M18*2,IF($L18<600,$M18*4,$M18*6))) -> 0 | AX18: 2 | AY18: =+IF(P18<>0,VLOOKUP($P18,TRAFOS,3,0),"-") -> - | AZ18: =+IF(B18<>0,"NO","-") -> NO | BA18: =+IF($N18<>0,VLOOKUP($N18,POSTES,3,0),"-") -> - | BB18: =+IF($N18<>0,VLOOKUP($N18,POSTES,4,0),"-") -> - | BC18: =+IF($N18<>0,VLOOKUP($N18,POSTES,5,0),0) -> - | BI18: =+BI17+1 -> 16 | BQ18: 15kVA-2ø-22,9kV-Existente | BR18: 15 | BS18: 22,9kV | BV18: 16 | BW18: NUEVO VALLE LA CARBONERA | BX18: ANCASH | BY18: SANTA | BZ18: NUEVO CHIMBOTE | CA18: 1Ø | CD18: =+SUM(AM18:AN18) -> 0 | CE18: =+SUM(AP18:AQ18) -> 0 | CF18: =+SUM(AR18:AS18) -> 0
A19: =+A18+1 -> 17 | B19: 7 | C19: HICHIK YACU | D19: - | E19: 1 | F19: PS1-2 | G19: - | H19: 0 | I19: 0 | J19: PAT-1C | K19: 35 mm² AAAC | L19: 25 | M19: 2 | N19: CAC 12/200 | O19: 1 | P19: - | Q19: 0 | R19: 0 | S19: 820892.3973 | T19: 9007053.00 | U19: 0 | V19: 0 | W19: 0 | X19: 0 | Y19: 0 | Z19: 0 | AA19: 0 | AB19: 0 | AC19: 0 | AD19: 0 | AE19: 0 | AF19: 0 | AG19: 0 | AH19: 0 | AM19: 1 | AN19: 0 | AO19: CI-C | AR19: 1 | AS19: 0 | AT19: 0 | AU19: SI | AV19: =+IF(M19<>0,VLOOKUP($P19,TRAFOS,4,0),"-") -> - | AW19: =IF($L19<250,0,IF($L19<400,$M19*2,IF($L19<600,$M19*4,$M19*6))) -> 0 | AX19: 2 | AY19: =+IF(P19<>0,VLOOKUP($P19,TRAFOS,3,0),"-") -> - | AZ19: =+IF(B19<>0,"NO","-") -> NO | BA19: =+IF($N19<>0,VLOOKUP($N19,POSTES,3,0),"-") -> CAC | BB19: =+IF($N19<>0,VLOOKUP($N19,POSTES,4,0),"-") -> 12/200 | BC19: =+IF($N19<>0,VLOOKUP($N19,POSTES,5,0),0) -> 12 | BI19: =+BI18+1 -> 17 | BQ19: 40kVA-3øE-22,9kV | BR19: 40 | BS19: 22,9kV | BV19: 17 | BW19: C.P. CESAR VALLEJO | BX19: ANCASH | BY19: SANTA | BZ19: NUEVO CHIMBOTE | CA19: 1Ø | CD19: =+SUM(AM19:AN19) -> 1 | CE19: =+SUM(AP19:AQ19) -> 0 | CF19: =+SUM(AR19:AS19) -> 1
A20: =+A19+1 -> 18 | B20: 7 | C20: HICHIK YACU | D20: 01 | E20: 2 | F20: PS1-2 | G20: SBM-2P | H20: 0 | I20: 0 | J20: PAT-3 | K20: 35 mm² AAAC | L20: 15.5 | M20: 2 | N20: CAC 12/300 | O20: 1 | P20: 5kVA-2ø-22,9kV | Q20: 2 | R20: 2 | S20: 820877.7455 | T20: 9007057.9625 | U20: 0 | V20: 0 | W20: 0 | X20: 0 | Y20: 0 | Z20: 0 | AA20: 0 | AB20: 0 | AC20: 0 | AD20: 0 | AE20: 0 | AF20: 0 | AG20: 0 | AH20: 0 | AM20: 1 | AN20: 0 | AO20: CI-C | AR20: 1 | AS20: 0 | AT20: 0 | AU20: SI | AV20: =+IF(M20<>0,VLOOKUP($P20,TRAFOS,4,0),"-") -> 2A-K | AW20: =IF($L20<250,0,IF($L20<400,$M20*2,IF($L20<600,$M20*4,$M20*6))) -> 0 | AX20: 2 | AY20: =+IF(P20<>0,VLOOKUP($P20,TRAFOS,3,0),"-") -> 22,9kV | AZ20: =+IF(B20<>0,"NO","-") -> NO | BA20: =+IF($N20<>0,VLOOKUP($N20,POSTES,3,0),"-") -> CAC | BB20: =+IF($N20<>0,VLOOKUP($N20,POSTES,4,0),"-") -> 12/300 | BC20: =+IF($N20<>0,VLOOKUP($N20,POSTES,5,0),0) -> 12 | BI20: =+BI19+1 -> 18 | BQ20: 37,5kVA-1ø-13,2kV-Existente | BR20: 37.5 | BS20: 13,2kV | BV20: 18 | BW20: MEDANO NEGRO | BX20: ANCASH | BY20: SANTA | BZ20: NUEVO CHIMBOTE | CA20: 1Ø | CD20: =+SUM(AM20:AN20) -> 1 | CE20: =+SUM(AP20:AQ20) -> 0 | CF20: =+SUM(AR20:AS20) -> 1
A21: =+A20+1 -> 19 | B21: 8 | C21: MAL PASO | D21: - | E21: 0 | F21: DS-0 | G21: DS-0A | H21: 0 | I21: 0 | J21: - | K21: 35 mm² AAAC | L21: 0 | M21: 2 | N21: - | O21: 0 | P21: - | Q21: 0 | R21: 0 | S21: 821816.32 | T21: 9005158.4 | U21: 0 | V21: 0 | W21: 0 | X21: 0 | Y21: 0 | Z21: 0 | AA21: 0 | AB21: 0 | AC21: 0 | AD21: 0 | AE21: 0 | AF21: 0 | AG21: 0 | AH21: 0 | AM21: 0 | AN21: 0 | AO21: - | AT21: 0 | AU21: SI | AV21: =+IF(M21<>0,VLOOKUP($P21,TRAFOS,4,0),"-") -> - | AW21: =IF($L21<250,0,IF($L21<400,$M21*2,IF($L21<600,$M21*4,$M21*6))) -> 0 | AX21: 2 | AY21: =+IF(P21<>0,VLOOKUP($P21,TRAFOS,3,0),"-") -> - | AZ21: NO | BA21: =+IF($N21<>0,VLOOKUP($N21,POSTES,3,0),"-") -> - | BB21: =+IF($N21<>0,VLOOKUP($N21,POSTES,4,0),"-") -> - | BC21: =+IF($N21<>0,VLOOKUP($N21,POSTES,5,0),0) -> - | BI21: =+BI20+1 -> 19 | BV21: 19 | BW21: PAMPA HERMOSA | BX21: ANCASH | BY21: SANTA | BZ21: NUEVO CHIMBOTE | CA21: 1Ø | CD21: =+SUM(AM21:AN21) -> 0 | CE21: =+SUM(AP21:AQ21) -> 0 | CF21: =+SUM(AR21:AS21) -> 0
A22: =+A21+1 -> 20 | B22: 8 | C22: MAL PASO | D22: 01 | E22: 1 | F22: PS1-2 | G22: SBM-2P | H22: 0 | I22: 0 | J22: PAT-3 | K22: 35 mm² AAAC | L22: 42.7 | M22: 2 | N22: CAC 12/300 | O22: 1 | P22: 5kVA-2ø-22,9kV | Q22: 2 | R22: 2 | S22: 821777.92 | T22: 9005137.92 | U22: 0 | V22: 0 | W22: 0 | X22: 0 | Y22: 0 | Z22: 0 | AA22: 0 | AB22: 0 | AC22: 0 | AD22: 0 | AE22: 0 | AF22: 0 | AG22: 0 | AH22: 0 | AM22: 1 | AN22: 0 | AO22: CI-C | AR22: 1 | AS22: 0 | AT22: 0 | AU22: SI | AV22: =+IF(M22<>0,VLOOKUP($P22,TRAFOS,4,0),"-") -> 2A-K | AW22: =IF($L22<250,0,IF($L22<400,$M22*2,IF($L22<600,$M22*4,$M22*6))) -> 0 | AX22: 2 | AY22: =+IF(P22<>0,VLOOKUP($P22,TRAFOS,3,0),"-") -> 22,9kV | AZ22: =+IF(B22<>0,"NO","-") -> NO | BA22: =+IF($N22<>0,VLOOKUP($N22,POSTES,3,0),"-") -> CAC | BB22: =+IF($N22<>0,VLOOKUP($N22,POSTES,4,0),"-") -> 12/300 | BC22: =+IF($N22<>0,VLOOKUP($N22,POSTES,5,0),0) -> 12 | BI22: =+BI21+1 -> 20 | BV22: 20 | BW22: EL PARAISO NUEVO VALLE LA CARBONERA | BX22: ANCASH | BY22: SANTA | BZ22: NUEVO CHIMBOTE | CA22: 1Ø | CD22: =+SUM(AM22:AN22) -> 1 | CE22: =+SUM(AP22:AQ22) -> 0 | CF22: =+SUM(AR22:AS22) -> 1
A23: =+A22+1 -> 21 | B23: 9 | C23: QUESHQUE | D23: - | H23: 0 | I23: 0 | J23: - | K23: 35 mm² AAAC | M23: 1 | N23: - | P23: - | S23: 821672.9083 | T23: 9009910.98 | U23: 0 | V23: 0 | W23: 0 | X23: 0 | Y23: 0 | Z23: 0 | AA23: 0 | AB23: 0 | AC23: 0 | AD23: 0 | AE23: 0 | AF23: 0 | AG23: 0 | AH23: 0 | AM23: 0 | AN23: 0 | AO23: - | AT23: 2 | AU23: SI | AV23: =+IF(M23<>0,VLOOKUP($P23,TRAFOS,4,0),"-") -> - | AW23: =IF($L23<250,0,IF($L23<400,$M23*2,IF($L23<600,$M23*4,$M23*6))) -> 0 | AX23: 2 | AY23: =+IF(P23<>0,VLOOKUP($P23,TRAFOS,3,0),"-") -> - | AZ23: =+IF(B23<>0,"NO","-") -> NO | BA23: =+IF($N23<>0,VLOOKUP($N23,POSTES,3,0),"-") -> - | BB23: =+IF($N23<>0,VLOOKUP($N23,POSTES,4,0),"-") -> - | BC23: =+IF($N23<>0,VLOOKUP($N23,POSTES,5,0),0) -> - | BI23: =+BI22+1 -> 21 | CD23: =+SUM(AM23:AN23) -> 0 | CE23: =+SUM(AP23:AQ23) -> 0 | CF23: =+SUM(AR23:AS23) -> 0
A24: =+A23+1 -> 22 | B24: 9 | C24: QUESHQUE | D24: 01 | H24: 0 | I24: 0 | J24: - | K24: 35 mm² AAAC | M24: 1 | N24: CAC 12/300 | O24: 0 | P24: - | S24: 821657.538 | T24: 9009913.86 | U24: 0 | V24: 0 | W24: 0 | X24: 0 | Y24: 0 | Z24: 0 | AA24: 0 | AB24: 0 | AC24: 0 | AD24: 0 | AE24: 0 | AF24: 0 | AG24: 0 | AH24: 0 | AM24: 1 | AN24: 0 | AO24: CI-C | AT24: 0 | AU24: SI | AV24: =+IF(M24<>0,VLOOKUP($P24,TRAFOS,4,0),"-") -> - | AW24: =IF($L24<250,0,IF($L24<400,$M24*2,IF($L24<600,$M24*4,$M24*6))) -> 0 | AX24: 2 | AY24: =+IF(P24<>0,VLOOKUP($P24,TRAFOS,3,0),"-") -> - | AZ24: =+IF(B24<>0,"NO","-") -> NO | BA24: =+IF($N24<>0,VLOOKUP($N24,POSTES,3,0),"-") -> CAC | BB24: =+IF($N24<>0,VLOOKUP($N24,POSTES,4,0),"-") -> 12/300 | BC24: =+IF($N24<>0,VLOOKUP($N24,POSTES,5,0),0) -> 12 | BI24: =+BI23+1 -> 22 | CD24: =+SUM(AM24:AN24) -> 1 | CE24: =+SUM(AP24:AQ24) -> 0 | CF24: =+SUM(AR24:AS24) -> 0
A25: =+A24+1 -> 23 | B25: 10 | C25: QUITA COLCAP | D25: - | E25: 1 | F25: - | G25: DS-0 | H25: 0 | I25: 0 | J25: - | K25: 35 mm² AAAC | L25: 0 | M25: 1 | N25: - | O25: 0 | P25: - | Q25: 0 | R25: 0 | S25: 824014.03 | T25: 9005995.55 | U25: 0 | V25: 0 | W25: 0 | X25: 0 | Y25: 0 | Z25: 0 | AA25: 0 | AB25: 0 | AC25: 0 | AD25: 0 | AE25: 0 | AF25: 0 | AG25: 0 | AH25: 0 | AM25: 0 | AN25: 0 | AO25: - | AT25: 0 | AU25: NO | AV25: =+IF(M25<>0,VLOOKUP($P25,TRAFOS,4,0),"-") -> - | AW25: =IF($L25<250,0,IF($L25<400,$M25*2,IF($L25<600,$M25*4,$M25*6))) -> 0 | AX25: 2 | AY25: =+IF(P25<>0,VLOOKUP($P25,TRAFOS,3,0),"-") -> - | AZ25: =+IF(B25<>0,"NO","-") -> NO | BA25: =+IF($N25<>0,VLOOKUP($N25,POSTES,3,0),"-") -> - | BB25: =+IF($N25<>0,VLOOKUP($N25,POSTES,4,0),"-") -> - | BC25: =+IF($N25<>0,VLOOKUP($N25,POSTES,5,0),0) -> - | BI25: =+BI24+1 -> 23 | CD25: =+SUM(AM25:AN25) -> 0 | CE25: =+SUM(AP25:AQ25) -> 0 | CF25: =+SUM(AR25:AS25) -> 0
A26: =+A25+1 -> 24 | B26: 10 | C26: QUITA COLCAP | D26: 01 | E26: 2 | F26: PS1-0 | G26: SMM-2P | H26: 0 | I26: 0 | J26: PAT-3 | K26: 35 mm² AAAC | L26: 34.42 | M26: 1 | N26: PRFV 12/300 | O26: 1 | P26: 5kVA-1ø-13,2kV | Q26: 1 | R26: 1 | S26: 824037.11 | T26: 9005969.88 | U26: 0 | V26: 0 | W26: 0 | X26: 0 | Y26: 0 | Z26: 0 | AA26: 0 | AB26: 0 | AC26: 0 | AD26: 0 | AE26: 0 | AF26: 0 | AG26: 0 | AH26: 0 | AM26: 1 | AN26: 0 | AO26: CI-C | AR26: 1 | AS26: 0 | AT26: 0 | AU26: NO | AV26: =+IF(M26<>0,VLOOKUP($P26,TRAFOS,4,0),"-") -> 2A-K | AW26: =IF($L26<250,0,IF($L26<400,$M26*2,IF($L26<600,$M26*4,$M26*6))) -> 0 | AX26: 2 | AY26: =+IF(P26<>0,VLOOKUP($P26,TRAFOS,3,0),"-") -> 13,2kV | AZ26: =+IF(B26<>0,"NO","-") -> NO | BA26: =+IF($N26<>0,VLOOKUP($N26,POSTES,3,0),"-") -> PRFV | BB26: =+IF($N26<>0,VLOOKUP($N26,POSTES,4,0),"-") -> 12/300 | BC26: =+IF($N26<>0,VLOOKUP($N26,POSTES,5,0),0) -> 12 | BI26: =+BI25+1 -> 24 | CD26: =+SUM(AM26:AN26) -> 1 | CE26: =+SUM(AP26:AQ26) -> 0 | CF26: =+SUM(AR26:AS26) -> 1
A27: =+A26+1 -> 25 | B27: 11 | C27: SHUCUQUI | D27: - | E27: 1 | F27: - | G27: - | H27: 0 | I27: 0 | J27: - | K27: 35 mm² AAAC | L27: 0 | M27: 1 | N27: - | O27: 0 | P27: - | Q27: 0 | R27: 0 | S27: 823595.72 | T27: 9008347.95 | U27: 0 | V27: 0 | W27: 0 | X27: 0 | Y27: 0 | Z27: 0 | AA27: 0 | AB27: 0 | AC27: 0 | AD27: 0 | AE27: 0 | AF27: 0 | AG27: 0 | AH27: 0 | AM27: 0 | AN27: 0 | AO27: - | AT27: 2 | AU27: NO | AV27: =+IF(M27<>0,VLOOKUP($P27,TRAFOS,4,0),"-") -> - | AW27: =IF($L27<250,0,IF($L27<400,$M27*2,IF($L27<600,$M27*4,$M27*6))) -> 0 | AX27: 2 | AY27: =+IF(P27<>0,VLOOKUP($P27,TRAFOS,3,0),"-") -> - | AZ27: =+IF(B27<>0,"NO","-") -> NO | BA27: =+IF($N27<>0,VLOOKUP($N27,POSTES,3,0),"-") -> - | BB27: =+IF($N27<>0,VLOOKUP($N27,POSTES,4,0),"-") -> - | BC27: =+IF($N27<>0,VLOOKUP($N27,POSTES,5,0),0) -> - | BI27: =+BI26+1 -> 25 | CD27: =+SUM(AM27:AN27) -> 0 | CE27: =+SUM(AP27:AQ27) -> 0 | CF27: =+SUM(AR27:AS27) -> 0
A28: =+A27+1 -> 26 | B28: 11 | C28: SHUCUQUI | D28: 01 | E28: 2 | F28: PTV-0 | G28: SMM-1P | H28: 0 | I28: 0 | J28: PAT-3 | K28: 35 mm² AAAC | L28: 41.94 | M28: 1 | N28: PRFV 12/300 | O28: 1 | P28: 5kVA-1ø-13,2kV | Q28: 1 | R28: 1 | S28: 823634.01 | T28: 9008331.00 | U28: 0 | V28: 0 | W28: 0 | X28: 0 | Y28: 0 | Z28: 0 | AA28: 0 | AB28: 0 | AC28: 0 | AD28: 0 | AE28: 0 | AF28: 0 | AG28: 0 | AH28: 0 | AM28: 1 | AN28: 0 | AO28: CI-C | AR28: 1 | AS28: 0 | AT28: 0 | AU28: NO | AV28: =+IF(M28<>0,VLOOKUP($P28,TRAFOS,4,0),"-") -> 2A-K | AW28: =IF($L28<250,0,IF($L28<400,$M28*2,IF($L28<600,$M28*4,$M28*6))) -> 0 | AX28: 2 | AY28: =+IF(P28<>0,VLOOKUP($P28,TRAFOS,3,0),"-") -> 13,2kV | AZ28: =+IF(B28<>0,"NO","-") -> NO | BA28: =+IF($N28<>0,VLOOKUP($N28,POSTES,3,0),"-") -> PRFV | BB28: =+IF($N28<>0,VLOOKUP($N28,POSTES,4,0),"-") -> 12/300 | BC28: =+IF($N28<>0,VLOOKUP($N28,POSTES,5,0),0) -> 12 | BI28: =+BI27+1 -> 26 | CD28: =+SUM(AM28:AN28) -> 1 | CE28: =+SUM(AP28:AQ28) -> 0 | CF28: =+SUM(AR28:AS28) -> 1
A29: =+A28+1 -> 27 | B29: 13 | C29: SHIJISPAMPA | D29: - | E29: 1 | F29: DT-0 | H29: 0 | I29: 0 | J29: - | K29: 35 mm² AAAC | L29: 0 | M29: 1 | N29: - | O29: 0 | P29: - | Q29: 0 | R29: 0 | S29: 821469.2362 | T29: 9002799.9433 | U29: 0 | V29: 0 | W29: 0 | X29: 0 | Y29: 0 | Z29: 0 | AA29: 0 | AB29: 0 | AC29: 0 | AD29: 0 | AE29: 0 | AF29: 0 | AG29: 0 | AH29: 0 | AM29: 0 | AN29: 0 | AO29: - | AT29: 0 | AU29: SI | AV29: =+IF(M29<>0,VLOOKUP($P29,TRAFOS,4,0),"-") -> - | AW29: =IF($L29<250,0,IF($L29<400,$M29*2,IF($L29<600,$M29*4,$M29*6))) -> 0 | AX29: 2 | AY29: =+IF(P29<>0,VLOOKUP($P29,TRAFOS,3,0),"-") -> - | AZ29: =+IF(B29<>0,"NO","-") -> NO | BA29: =+IF($N29<>0,VLOOKUP($N29,POSTES,3,0),"-") -> - | BB29: =+IF($N29<>0,VLOOKUP($N29,POSTES,4,0),"-") -> - | BC29: =+IF($N29<>0,VLOOKUP($N29,POSTES,5,0),0) -> - | BI29: =+BI28+1 -> 27 | CD29: =+SUM(AM29:AN29) -> 0 | CE29: =+SUM(AP29:AQ29) -> 0 | CF29: =+SUM(AR29:AS29) -> 0
A30: =+A29+1 -> 28 | B30: 13 | C30: SHIJISPAMPA | D30: - | E30: 2 | F30: PS1-0 | G30: - | H30: 0 | I30: 0 | J30: PAT-1C | K30: 35 mm² AAAC | L30: 16 | M30: 1 | N30: CAC 12/300 | O30: 1 | P30: - | Q30: 0 | R30: 0 | S30: 821480.25 | T30: 9002788.8 | U30: 0 | V30: 0 | W30: 0 | X30: 0 | Y30: 0 | Z30: 0 | AA30: 0 | AB30: 0 | AC30: 0 | AD30: 0 | AE30: 0 | AF30: 0 | AG30: 0 | AH30: 0 | AM30: 1 | AN30: 0 | AO30: CI-C | AR30: 1 | AS30: 0 | AT30: 0 | AU30: SI | AV30: =+IF(M30<>0,VLOOKUP($P30,TRAFOS,4,0),"-") -> - | AW30: =IF($L30<250,0,IF($L30<400,$M30*2,IF($L30<600,$M30*4,$M30*6))) -> 0 | AX30: 2 | AY30: =+IF(P30<>0,VLOOKUP($P30,TRAFOS,3,0),"-") -> - | AZ30: =+IF(B30<>0,"NO","-") -> NO | BA30: =+IF($N30<>0,VLOOKUP($N30,POSTES,3,0),"-") -> CAC | BB30: =+IF($N30<>0,VLOOKUP($N30,POSTES,4,0),"-") -> 12/300 | BC30: =+IF($N30<>0,VLOOKUP($N30,POSTES,5,0),0) -> 12 | BI30: =+BI29+1 -> 28 | CD30: =+SUM(AM30:AN30) -> 1
A31: =+A30+1 -> 29 | B31: 13 | C31: SHIJISPAMPA | D31: 01 | E31: 3 | F31: PTV-0 | G31: SMM-1P | H31: 0 | I31: 0 | J31: PAT-3 | K31: 35 mm² AAAC | L31: 25 | M31: 1 | N31: CAC 12/300 | O31: 1 | P31: 5kVA-1ø-13,2kV | Q31: 1 | R31: 1 | S31: 821497.8347 | T31: 9002771.0121 | U31: 0 | V31: 0 | W31: 0 | X31: 0 | Y31: 0 | Z31: 0 | AA31: 0 | AB31: 0 | AC31: 0 | AD31: 0 | AE31: 0 | AF31: 0 | AG31: 0 | AH31: 0 | AM31: 1 | AN31: 0 | AO31: CI-C | AR31: 1 | AS31: 0 | AT31: 4 | AU31: SI | AV31: =+IF(M31<>0,VLOOKUP($P31,TRAFOS,4,0),"-") -> 2A-K | AW31: =IF($L31<250,0,IF($L31<400,$M31*2,IF($L31<600,$M31*4,$M31*6))) -> 0 | AX31: 2 | AY31: =+IF(P31<>0,VLOOKUP($P31,TRAFOS,3,0),"-") -> 13,2kV | AZ31: =+IF(B31<>0,"NO","-") -> NO | BA31: =+IF($N31<>0,VLOOKUP($N31,POSTES,3,0),"-") -> CAC | BB31: =+IF($N31<>0,VLOOKUP($N31,POSTES,4,0),"-") -> 12/300 | BC31: =+IF($N31<>0,VLOOKUP($N31,POSTES,5,0),0) -> 12 | BI31: =+BI30+1 -> 29 | CD31: =+SUM(AM31:AN31) -> 1 | CE31: =+SUM(AP31:AQ31) -> 0 | CF31: =+SUM(AR31:AS31) -> 1
A32: =+A31+1 -> 30 | B32: 15 | C32: AGUA QUITA ALIZO | D32: - | E32: 1 | F32: - | G32: DS-0 | H32: 0 | I32: 0 | J32: - | K32: 35 mm² AAAC | L32: 0 | M32: 1 | N32: - | O32: 0 | P32: - | Q32: 0 | R32: 0 | S32: 812082.87 | T32: 9015811.14 | U32: 0 | V32: 0 | W32: 0 | X32: 0 | Y32: 0 | Z32: 0 | AA32: 0 | AB32: 0 | AC32: 0 | AD32: 0 | AE32: 0 | AF32: 0 | AG32: 0 | AH32: 0 | AM32: 0 | AN32: 0 | AO32: - | AT32: 4 | AU32: NO | AV32: =+IF(M32<>0,VLOOKUP($P32,TRAFOS,4,0),"-") -> - | AW32: =IF($L32<250,0,IF($L32<400,$M32*2,IF($L32<600,$M32*4,$M32*6))) -> 0 | AX32: 2 | AY32: =+IF(P32<>0,VLOOKUP($P32,TRAFOS,3,0),"-") -> - | AZ32: =+IF(B32<>0,"NO","-") -> NO | BA32: =+IF($N32<>0,VLOOKUP($N32,POSTES,3,0),"-") -> - | BB32: =+IF($N32<>0,VLOOKUP($N32,POSTES,4,0),"-") -> - | BC32: =+IF($N32<>0,VLOOKUP($N32,POSTES,5,0),0) -> - | BI32: =+BI31+1 -> 30 | CD32: =+SUM(AM32:AN32) -> 0 | CE32: =+SUM(AP32:AQ32) -> 0 | CF32: =+SUM(AR32:AS32) -> 0
A33: =+A32+1 -> 31 | B33: 15 | C33: AGUA QUITA ALIZO | D33: 02 | E33: 2 | F33: PS1-0 | G33: SMM-2P | H33: 0 | I33: 0 | J33: PAT-3 | K33: 35 mm² AAAC | L33: 23.62 | M33: 1 | N33: PRFV 12/300 | O33: 1 | P33: 5kVA-1ø-13,2kV | Q33: 1 | R33: 1 | S33: 812060.08 | T33: 9015805.44 | U33: 0 | V33: 0 | W33: 0 | X33: 0 | Y33: 0 | Z33: 0 | AA33: 0 | AB33: 0 | AC33: 0 | AD33: 0 | AE33: 0 | AF33: 0 | AG33: 0 | AH33: 0 | AM33: 1 | AN33: 0 | AO33: CI-C | AR33: 1 | AS33: 0 | AT33: 0 | AU33: NO | AV33: =+IF(M33<>0,VLOOKUP($P33,TRAFOS,4,0),"-") -> 2A-K | AW33: =IF($L33<250,0,IF($L33<400,$M33*2,IF($L33<600,$M33*4,$M33*6))) -> 0 | AX33: 2 | AY33: =+IF(P33<>0,VLOOKUP($P33,TRAFOS,3,0),"-") -> 13,2kV | AZ33: =+IF(B33<>0,"NO","-") -> NO | BA33: =+IF($N33<>0,VLOOKUP($N33,POSTES,3,0),"-") -> PRFV | BB33: =+IF($N33<>0,VLOOKUP($N33,POSTES,4,0),"-") -> 12/300 | BC33: =+IF($N33<>0,VLOOKUP($N33,POSTES,5,0),0) -> 12 | BI33: =+BI32+1 -> 31 | CD33: =+SUM(AM33:AN33) -> 1 | CE33: =+SUM(AP33:AQ33) -> 0 | CF33: =+SUM(AR33:AS33) -> 1
A34: =+A33+1 -> 32 | B34: 16 | C34: NUEVO VALLE LA CARBONERA | D34: - | E34: 0 | F34: EC | G34: - | H34: 0 | I34: 0 | J34: - | K34: 35 mm² AAAC | L34: 0 | M34: 2 | N34: - | O34: 0 | P34: - | Q34: 0 | R34: 0 | S34: - | T34: - | U34: 0 | V34: 0 | W34: 0 | X34: 0 | Y34: 0 | Z34: 0 | AA34: 0 | AB34: 0 | AC34: 0 | AD34: 0 | AE34: 0 | AF34: 0 | AG34: 0 | AH34: 0 | AM34: 0 | AN34: 0 | AO34: - | AU34: SI | AV34: =+IF(M34<>0,VLOOKUP($P34,TRAFOS,4,0),"-") -> - | AW34: =IF($L34<250,0,IF($L34<400,$M34*2,IF($L34<600,$M34*4,$M34*6))) -> 0 | AX34: 2 | AY34: =+IF(P34<>0,VLOOKUP($P34,TRAFOS,3,0),"-") -> - | AZ34: =+IF(B34<>0,"NO","-") -> NO | BA34: =+IF($N34<>0,VLOOKUP($N34,POSTES,3,0),"-") -> - | BB34: =+IF($N34<>0,VLOOKUP($N34,POSTES,4,0),"-") -> - | BC34: =+IF($N34<>0,VLOOKUP($N34,POSTES,5,0),0) -> - | BI34: =+BI33+1 -> 32 | CD34: =+SUM(AM34:AN34) -> 0 | CE34: =+SUM(AP34:AQ34) -> 0 | CF34: =+SUM(AR34:AS34) -> 0
A35: =+A34+1 -> 33 | B35: 16 | C35: NUEVO VALLE LA CARBONERA | D35: - | E35: 1 | F35: TSVE-2 | G35: - | H35: 1 | I35: 0 | J35: PAT-1C | K35: 35 mm² AAAC | L35: 10 | M35: 2 | N35: CAC 13/400 | O35: 1 | P35: - | Q35: 0 | R35: 0 | S35: 783434.99 | T35: 8992271.00 | U35: 0 | V35: 0 | W35: 0 | X35: 0 | Y35: 0 | Z35: 0 | AA35: 0 | AB35: 0 | AC35: 0 | AD35: 0 | AE35: 0 | AF35: 0 | AG35: 0 | AH35: 0 | AK35: 1 | AL35: 0 | AM35: 1 | AN35: 0 | AO35: CI-A | AP35: 1 | AQ35: 0 | AR35: 1 | AS35: 0 | AU35: SI | AV35: =+IF(M35<>0,VLOOKUP($P35,TRAFOS,4,0),"-") -> - | AW35: =IF($L35<250,0,IF($L35<400,$M35*2,IF($L35<600,$M35*4,$M35*6))) -> 0 | AX35: 2 | AY35: =+IF(P35<>0,VLOOKUP($P35,TRAFOS,3,0),"-") -> - | AZ35: =+IF(B35<>0,"NO","-") -> NO | BA35: =+IF($N35<>0,VLOOKUP($N35,POSTES,3,0),"-") -> CAC | BB35: =+IF($N35<>0,VLOOKUP($N35,POSTES,4,0),"-") -> 13/400 | BC35: =+IF($N35<>0,VLOOKUP($N35,POSTES,5,0),0) -> 13 | BI35: =+BI34+1 -> 33 | CD35: =+SUM(AM35:AN35) -> 1 | CE35: =+SUM(AP35:AQ35) -> 1 | CF35: =+SUM(AR35:AS35) -> 1
A36: =+A35+1 -> 34 | B36: 16 | C36: NUEVO VALLE LA CARBONERA | D36: - | E36: 2 | F36: TSVE-2 | G36: - | H36: 1 | I36: 0 | J36: PAT-1C | K36: 35 mm² AAAC | L36: 88 | M36: 2 | N36: CAC 13/400 | O36: 1 | P36: - | Q36: 0 | R36: 0 | S36: 783378.85 | T36: 8992337.92 | U36: 0 | V36: 0 | W36: 0 | X36: 0 | Y36: 0 | Z36: 0 | AA36: 0 | AB36: 0 | AC36: 0 | AD36: 0 | AE36: 0 | AF36: 0 | AG36: 0 | AH36: 0 | AK36: 1 | AL36: 0 | AM36: 1 | AN36: 0 | AO36: CI-A | AP36: 1 | AQ36: 0 | AR36: 1 | AS36: 0 | AT36: 0 | AU36: SI | AV36: =+IF(M36<>0,VLOOKUP($P36,TRAFOS,4,0),"-") -> - | AW36: =IF($L36<250,0,IF($L36<400,$M36*2,IF($L36<600,$M36*4,$M36*6))) -> 0 | AX36: 2 | AY36: =+IF(P36<>0,VLOOKUP($P36,TRAFOS,3,0),"-") -> - | AZ36: =+IF(B36<>0,"NO","-") -> NO | BA36: =+IF($N36<>0,VLOOKUP($N36,POSTES,3,0),"-") -> CAC | BB36: =+IF($N36<>0,VLOOKUP($N36,POSTES,4,0),"-") -> 13/400 | BC36: =+IF($N36<>0,VLOOKUP($N36,POSTES,5,0),0) -> 13 | BI36: =+BI35+1 -> 34 | CD36: =+SUM(AM36:AN36) -> 1 | CE36: =+SUM(AP36:AQ36) -> 1 | CF36: =+SUM(AR36:AS36) -> 1
A37: =+A36+1 -> 35 | B37: 16 | C37: NUEVO VALLE LA CARBONERA | D37: 01 | E37: 3 | F37: PSVE-2 | G37: SBM-2V | H37: 0 | I37: 0 | J37: PAT-3 | K37: 35 mm² AAAC | L37: 26.8 | M37: 2 | N37: CAC 13/400 | O37: 1 | P37: 37.5kVA-2ø-13,8kV | Q37: 2 | R37: 2 | S37: 783361.96 | T37: 8992338.69 | U37: 0 | V37: 0 | W37: 0 | X37: 0 | Y37: 0 | Z37: 0 | AA37: 0 | AB37: 0 | AC37: 0 | AD37: 0 | AE37: 0 | AF37: 0 | AG37: 0 | AH37: 0 | AM37: 1 | AN37: 0 | AO37: CI-A | AR37: 1 | AS37: 0 | AT37: 0 | AU37: SI | AV37: =+IF(M37<>0,VLOOKUP($P37,TRAFOS,4,0),"-") -> 3A-K | AW37: =IF($L37<250,0,IF($L37<400,$M37*2,IF($L37<600,$M37*4,$M37*6))) -> 0 | AX37: 2 | AY37: =+IF(P37<>0,VLOOKUP($P37,TRAFOS,3,0),"-") -> 13,8kV | AZ37: =+IF(B37<>0,"NO","-") -> NO | BA37: =+IF($N37<>0,VLOOKUP($N37,POSTES,3,0),"-") -> CAC | BB37: =+IF($N37<>0,VLOOKUP($N37,POSTES,4,0),"-") -> 13/400 | BC37: =+IF($N37<>0,VLOOKUP($N37,POSTES,5,0),0) -> 13 | BI37: =+BI36+1 -> 35 | CD37: =+SUM(AM37:AN37) -> 1 | CE37: =+SUM(AP37:AQ37) -> 0 | CF37: =+SUM(AR37:AS37) -> 1
A38: =+A37+1 -> 36 | B38: 17 | C38: C.P. CESAR VALLEJO | D38: - | E38: 0 | F38: - | G38: DS-2 | H38: 0 | I38: 0 | J38: - | K38: 35 mm² AAAC | L38: 0 | M38: 2 | N38: - | O38: 0 | P38: - | Q38: 0 | R38: 0 | S38: 783661.69 | T38: 8995683.85 | U38: 0 | V38: 0 | W38: 0 | X38: 0 | Y38: 0 | Z38: 0 | AA38: 0 | AB38: 0 | AC38: 0 | AD38: 0 | AE38: 0 | AF38: 0 | AG38: 0 | AH38: 0 | AM38: 0 | AN38: 0 | AO38: - | AT38: 0 | AU38: SI | AV38: =+IF(M38<>0,VLOOKUP($P38,TRAFOS,4,0),"-") -> - | AW38: =IF($L38<250,0,IF($L38<400,$M38*2,IF($L38<600,$M38*4,$M38*6))) -> 0 | AX38: 2 | AY38: =+IF(P38<>0,VLOOKUP($P38,TRAFOS,3,0),"-") -> - | AZ38: =+IF(B38<>0,"NO","-") -> NO | BA38: =+IF($N38<>0,VLOOKUP($N38,POSTES,3,0),"-") -> - | BB38: =+IF($N38<>0,VLOOKUP($N38,POSTES,4,0),"-") -> - | BC38: =+IF($N38<>0,VLOOKUP($N38,POSTES,5,0),0) -> - | BI38: =+BI37+1 -> 36 | CD38: =+SUM(AM38:AN38) -> 0 | CE38: =+SUM(AP38:AQ38) -> 0 | CF38: =+SUM(AR38:AS38) -> 0
A39: =+A38+1 -> 37 | B39: 17 | C39: C.P. CESAR VALLEJO | D39: - | E39: 1 | F39: PSVE-2 | G39: - | H39: 0 | I39: 0 | J39: PAT-1C | K39: 35 mm² AAAC | L39: 24.7 | M39: 2 | N39: CAC 13/400 | O39: 1 | P39: - | Q39: 0 | R39: 0 | S39: 783685.86 | T39: 8995687.97 | U39: 0 | V39: 0 | W39: 0 | X39: 0 | Y39: 0 | Z39: 0 | AA39: 1 | AB39: 0 | AC39: 0 | AD39: 0 | AE39: 0 | AF39: 0 | AG39: 0 | AH39: 0 | AM39: 1 | AN39: 0 | AO39: CI-A | AP39: 0 | AQ39: 1 | AR39: 1 | AS39: 0 | AT39: 0 | AU39: SI | AV39: =+IF(M39<>0,VLOOKUP($P39,TRAFOS,4,0),"-") -> - | AW39: =IF($L39<250,0,IF($L39<400,$M39*2,IF($L39<600,$M39*4,$M39*6))) -> 0 | AX39: 2 | AY39: =+IF(P39<>0,VLOOKUP($P39,TRAFOS,3,0),"-") -> - | AZ39: =+IF(B39<>0,"NO","-") -> NO | BA39: =+IF($N39<>0,VLOOKUP($N39,POSTES,3,0),"-") -> CAC | BB39: =+IF($N39<>0,VLOOKUP($N39,POSTES,4,0),"-") -> 13/400 | BC39: =+IF($N39<>0,VLOOKUP($N39,POSTES,5,0),0) -> 13 | BI39: =+BI38+1 -> 37 | CD39: =+SUM(AM39:AN39) -> 1 | CE39: =+SUM(AP39:AQ39) -> 1 | CF39: =+SUM(AR39:AS39) -> 1
A40: =+A39+1 -> 38 | B40: 17 | C40: C.P. CESAR VALLEJO | D40: 01 | E40: 2 | F40: PSVE-2 | G40: SBM-2V | H40: 0 | I40: 0 | J40: PAT-3 | K40: 35 mm² AAAC | L40: 37.3 | M40: 2 | N40: CAC 13/400 | O40: 1 | P40: 37.5kVA-2ø-13,8kV | Q40: 2 | R40: 2 | S40: 783714.59 | T40: 8995711.597 | U40: 0 | V40: 0 | W40: 0 | X40: 0 | Y40: 0 | Z40: 0 | AA40: 0 | AB40: 0 | AC40: 0 | AD40: 0 | AE40: 0 | AF40: 0 | AG40: 0 | AH40: 0 | AM40: 1 | AN40: 0 | AO40: CI-A | AR40: 1 | AS40: 0 | AT40: 0 | AU40: SI | AV40: =+IF(M40<>0,VLOOKUP($P40,TRAFOS,4,0),"-") -> 3A-K | AW40: =IF($L40<250,0,IF($L40<400,$M40*2,IF($L40<600,$M40*4,$M40*6))) -> 0 | AX40: 2 | AY40: =+IF(P40<>0,VLOOKUP($P40,TRAFOS,3,0),"-") -> 13,8kV | AZ40: =+IF(B40<>0,"NO","-") -> NO | BA40: =+IF($N40<>0,VLOOKUP($N40,POSTES,3,0),"-") -> CAC | BB40: =+IF($N40<>0,VLOOKUP($N40,POSTES,4,0),"-") -> 13/400 | BC40: =+IF($N40<>0,VLOOKUP($N40,POSTES,5,0),0) -> 13 | BI40: =+BI39+1 -> 38 | CD40: =+SUM(AM40:AN40) -> 1 | CE40: =+SUM(AP40:AQ40) -> 0 | CF40: =+SUM(AR40:AS40) -> 1
A41: =+A40+1 -> 39 | B41: 18 | C41: MEDANO NEGRO | D41: - | E41: 0 | F41: - | G41: DS-2 | H41: 0 | I41: 0 | J41: - | K41: 35 mm² AAAC | L41: 0 | M41: 2 | N41: - | O41: 0 | P41: - | Q41: 0 | R41: 0 | S41: 781776.01 | T41: 8989746.77 | U41: 0 | V41: 0 | W41: 0 | X41: 0 | Y41: 0 | Z41: 0 | AA41: 0 | AB41: 0 | AC41: 0 | AD41: 0 | AE41: 0 | AF41: 0 | AG41: 0 | AH41: 0 | AM41: 0 | AN41: 0 | AO41: - | AT41: 0 | AU41: SI | AV41: =+IF(M41<>0,VLOOKUP($P41,TRAFOS,4,0),"-") -> - | AW41: =IF($L41<250,0,IF($L41<400,$M41*2,IF($L41<600,$M41*4,$M41*6))) -> 0 | AX41: 2 | AY41: =+IF(P41<>0,VLOOKUP($P41,TRAFOS,3,0),"-") -> - | AZ41: =+IF(B41<>0,"NO","-") -> NO | BA41: =+IF($N41<>0,VLOOKUP($N41,POSTES,3,0),"-") -> - | BB41: =+IF($N41<>0,VLOOKUP($N41,POSTES,4,0),"-") -> - | BC41: =+IF($N41<>0,VLOOKUP($N41,POSTES,5,0),0) -> - | BI41: =+BI40+1 -> 39 | CD41: =+SUM(AM41:AN41) -> 0 | CE41: =+SUM(AP41:AQ41) -> 0 | CF41: =+SUM(AR41:AS41) -> 0
A42: =+A41+1 -> 40 | B42: 18 | C42: MEDANO NEGRO | D42: - | E42: 1 | F42: TSVE-2 | G42: - | H42: 1 | I42: 0 | J42: PAT-1C | K42: 35 mm² AAAC | L42: 15.6 | M42: 2 | N42: CAC 13/400 | O42: 1 | P42: - | Q42: 0 | R42: 0 | S42: 781767.55 | T42: 8989759.82 | U42: 0 | V42: 0 | W42: 0 | X42: 0 | Y42: 0 | Z42: 0 | AA42: 0 | AB42: 0 | AC42: 0 | AD42: 0 | AE42: 0 | AF42: 0 | AG42: 0 | AH42: 0 | AK42: 1 | AL42: 0 | AM42: 1 | AN42: 0 | AO42: CI-A | AP42: 1 | AQ42: 0 | AR42: 1 | AS42: 0 | AT42: 0 | AU42: SI | AV42: =+IF(M42<>0,VLOOKUP($P42,TRAFOS,4,0),"-") -> - | AW42: =IF($L42<250,0,IF($L42<400,$M42*2,IF($L42<600,$M42*4,$M42*6))) -> 0 | AX42: 2 | AY42: =+IF(P42<>0,VLOOKUP($P42,TRAFOS,3,0),"-") -> - | AZ42: =+IF(B42<>0,"NO","-") -> NO | BA42: =+IF($N42<>0,VLOOKUP($N42,POSTES,3,0),"-") -> CAC | BB42: =+IF($N42<>0,VLOOKUP($N42,POSTES,4,0),"-") -> 13/400 | BC42: =+IF($N42<>0,VLOOKUP($N42,POSTES,5,0),0) -> 13 | BI42: =+BI41+1 -> 40 | CD42: =+SUM(AM42:AN42) -> 1 | CE42: =+SUM(AP42:AQ42) -> 1 | CF42: =+SUM(AR42:AS42) -> 1
A43: =+A42+1 -> 41 | B43: 18 | C43: MEDANO NEGRO | D43: - | E43: 2 | F43: PSVE-2 | G43: - | H43: 0 | I43: 0 | J43: PAT-1C | K43: 35 mm² AAAC | L43: 81.7 | M43: 2 | N43: CAC 13/300 | O43: 1 | P43: - | Q43: 0 | R43: 0 | S43: 781705.96 | T43: 8989813.47 | U43: 0 | V43: 0 | W43: 0 | X43: 0 | Y43: 0 | Z43: 0 | AA43: 0 | AB43: 0 | AC43: 0 | AD43: 0 | AE43: 0 | AF43: 0 | AG43: 0 | AH43: 0 | AM43: 1 | AN43: 0 | AO43: CI-A | AR43: 1 | AS43: 0 | AT43: 0 | AU43: SI | AV43: =+IF(M43<>0,VLOOKUP($P43,TRAFOS,4,0),"-") -> - | AW43: =IF($L43<250,0,IF($L43<400,$M43*2,IF($L43<600,$M43*4,$M43*6))) -> 0 | AX43: 2 | AY43: =+IF(P43<>0,VLOOKUP($P43,TRAFOS,3,0),"-") -> - | AZ43: =+IF(B43<>0,"NO","-") -> NO | BA43: =+IF($N43<>0,VLOOKUP($N43,POSTES,3,0),"-") -> CAC | BB43: =+IF($N43<>0,VLOOKUP($N43,POSTES,4,0),"-") -> 13/300 | BC43: =+IF($N43<>0,VLOOKUP($N43,POSTES,5,0),0) -> 13 | BI43: =+BI42+1 -> 41 | CD43: =+SUM(AM43:AN43) -> 1 | CE43: =+SUM(AP43:AQ43) -> 0 | CF43: =+SUM(AR43:AS43) -> 1
A44: =+A43+1 -> 42 | B44: 18 | C44: MEDANO NEGRO | D44: - | E44: 3 | F44: PSVE-2 | G44: - | H44: 0 | I44: 0 | J44: PAT-1C | K44: 35 mm² AAAC | L44: 83.6 | M44: 2 | N44: CAC 13/300 | O44: 1 | P44: - | Q44: 0 | R44: 0 | S44: 781644.33 | T44: 8989869.88 | U44: 0 | V44: 0 | W44: 0 | X44: 0 | Y44: 0 | Z44: 0 | AA44: 0 | AB44: 0 | AC44: 0 | AD44: 0 | AE44: 0 | AF44: 0 | AG44: 0 | AH44: 0 | AM44: 1 | AN44: 0 | AO44: CI-A | AR44: 1 | AS44: 0 | AT44: 0 | AU44: SI | AV44: =+IF(M44<>0,VLOOKUP($P44,TRAFOS,4,0),"-") -> - | AW44: =IF($L44<250,0,IF($L44<400,$M44*2,IF($L44<600,$M44*4,$M44*6))) -> 0 | AX44: 2 | AY44: =+IF(P44<>0,VLOOKUP($P44,TRAFOS,3,0),"-") -> - | AZ44: =+IF(B44<>0,"NO","-") -> NO | BA44: =+IF($N44<>0,VLOOKUP($N44,POSTES,3,0),"-") -> CAC | BB44: =+IF($N44<>0,VLOOKUP($N44,POSTES,4,0),"-") -> 13/300 | BC44: =+IF($N44<>0,VLOOKUP($N44,POSTES,5,0),0) -> 13 | BI44: =+BI43+1 -> 42 | CD44: =+SUM(AM44:AN44) -> 1 | CE44: =+SUM(AP44:AQ44) -> 0 | CF44: =+SUM(AR44:AS44) -> 1
A45: =+A44+1 -> 43 | B45: 18 | C45: MEDANO NEGRO | D45: - | E45: 4 | F45: PSVE-2 | G45: - | H45: 0 | I45: 0 | J45: PAT-1C | K45: 35 mm² AAAC | L45: 82.1 | M45: 2 | N45: CAC 13/300 | O45: 1 | P45: - | Q45: 0 | R45: 0 | S45: 781582.65 | T45: 8989923.91 | U45: 0 | V45: 0 | W45: 0 | X45: 0 | Y45: 0 | Z45: 0 | AA45: 0 | AB45: 0 | AC45: 0 | AD45: 0 | AE45: 0 | AF45: 0 | AG45: 0 | AH45: 0 | AM45: 1 | AN45: 0 | AO45: CI-A | AR45: 1 | AS45: 0 | AT45: 0 | AU45: SI | AV45: =+IF(M45<>0,VLOOKUP($P45,TRAFOS,4,0),"-") -> - | AW45: =IF($L45<250,0,IF($L45<400,$M45*2,IF($L45<600,$M45*4,$M45*6))) -> 0 | AX45: 2 | AY45: =+IF(P45<>0,VLOOKUP($P45,TRAFOS,3,0),"-") -> - | AZ45: =+IF(B45<>0,"NO","-") -> NO | BA45: =+IF($N45<>0,VLOOKUP($N45,POSTES,3,0),"-") -> CAC | BB45: =+IF($N45<>0,VLOOKUP($N45,POSTES,4,0),"-") -> 13/300 | BC45: =+IF($N45<>0,VLOOKUP($N45,POSTES,5,0),0) -> 13 | BI45: =+BI44+1 -> 43 | CD45: =+SUM(AM45:AN45) -> 1 | CE45: =+SUM(AP45:AQ45) -> 0 | CF45: =+SUM(AR45:AS45) -> 1
A46: =+A45+1 -> 44 | B46: 18 | C46: MEDANO NEGRO | D46: - | E46: 5 | F46: PSVE-2 | G46: - | H46: 0 | I46: 0 | J46: PAT-1C | K46: 35 mm² AAAC | L46: 82 | M46: 2 | N46: CAC 13/300 | O46: 1 | P46: - | Q46: 0 | R46: 0 | S46: 781522.81 | T46: 8989979.33 | U46: 0 | V46: 0 | W46: 0 | X46: 0 | Y46: 0 | Z46: 0 | AA46: 0 | AB46: 0 | AC46: 0 | AD46: 0 | AE46: 0 | AF46: 0 | AG46: 0 | AH46: 0 | AM46: 0 | AN46: 1 | AO46: CII-A | AR46: 1 | AS46: 0 | AT46: 0 | AU46: SI | AV46: =+IF(M46<>0,VLOOKUP($P46,TRAFOS,4,0),"-") -> - | AW46: =IF($L46<250,0,IF($L46<400,$M46*2,IF($L46<600,$M46*4,$M46*6))) -> 0 | AX46: 2 | AY46: =+IF(P46<>0,VLOOKUP($P46,TRAFOS,3,0),"-") -> - | AZ46: =+IF(B46<>0,"NO","-") -> NO | BA46: =+IF($N46<>0,VLOOKUP($N46,POSTES,3,0),"-") -> CAC | BB46: =+IF($N46<>0,VLOOKUP($N46,POSTES,4,0),"-") -> 13/300 | BC46: =+IF($N46<>0,VLOOKUP($N46,POSTES,5,0),0) -> 13 | BI46: =+BI45+1 -> 44 | CD46: =+SUM(AM46:AN46) -> 1 | CE46: =+SUM(AP46:AQ46) -> 0 | CF46: =+SUM(AR46:AS46) -> 1
A47: =+A46+1 -> 45 | B47: 18 | C47: MEDANO NEGRO | D47: - | E47: 6 | F47: PSVE-2 | G47: - | H47: 0 | I47: 0 | J47: PAT-1C | K47: 35 mm² AAAC | L47: 81.5 | M47: 2 | N47: CAC 13/300 | O47: 1 | P47: - | Q47: 0 | R47: 0 | S47: 781463.03 | T47: 8990034.71 | U47: 0 | V47: 0 | W47: 0 | X47: 0 | Y47: 0 | Z47: 0 | AA47: 0 | AB47: 0 | AC47: 0 | AD47: 0 | AE47: 0 | AF47: 0 | AG47: 0 | AH47: 0 | AM47: 1 | AN47: 0 | AO47: CI-A | AR47: 1 | AS47: 0 | AT47: 0 | AU47: SI | AV47: =+IF(M47<>0,VLOOKUP($P47,TRAFOS,4,0),"-") -> - | AW47: =IF($L47<250,0,IF($L47<400,$M47*2,IF($L47<600,$M47*4,$M47*6))) -> 0 | AX47: 2 | AY47: =+IF(P47<>0,VLOOKUP($P47,TRAFOS,3,0),"-") -> - | AZ47: =+IF(B47<>0,"NO","-") -> NO | BA47: =+IF($N47<>0,VLOOKUP($N47,POSTES,3,0),"-") -> CAC | BB47: =+IF($N47<>0,VLOOKUP($N47,POSTES,4,0),"-") -> 13/300 | BC47: =+IF($N47<>0,VLOOKUP($N47,POSTES,5,0),0) -> 13 | BI47: =+BI46+1 -> 45 | CD47: =+SUM(AM47:AN47) -> 1 | CE47: =+SUM(AP47:AQ47) -> 0 | CF47: =+SUM(AR47:AS47) -> 1
A48: =+A47+1 -> 46 | B48: 18 | C48: MEDANO NEGRO | D48: - | E48: 7 | F48: TSVE-2 | G48: - | H48: 1 | I48: 0 | J48: PAT-1C | K48: 35 mm² AAAC | L48: 81.7 | M48: 2 | N48: CAC 13/400 | O48: 1 | P48: - | Q48: 0 | R48: 0 | S48: 781402.90 | T48: 8990089.95 | U48: 0 | V48: 0 | W48: 0 | X48: 0 | Y48: 0 | Z48: 0 | AA48: 0 | AB48: 0 | AC48: 0 | AD48: 0 | AE48: 0 | AF48: 0 | AG48: 0 | AH48: 0 | AK48: 1 | AL48: 0 | AM48: 1 | AN48: 0 | AO48: CI-A | AP48: 1 | AQ48: 0 | AR48: 1 | AS48: 0 | AT48: 0 | AU48: SI | AV48: =+IF(M48<>0,VLOOKUP($P48,TRAFOS,4,0),"-") -> - | AW48: =IF($L48<250,0,IF($L48<400,$M48*2,IF($L48<600,$M48*4,$M48*6))) -> 0 | AX48: 2 | AY48: =+IF(P48<>0,VLOOKUP($P48,TRAFOS,3,0),"-") -> - | AZ48: =+IF(B48<>0,"NO","-") -> NO | BA48: =+IF($N48<>0,VLOOKUP($N48,POSTES,3,0),"-") -> CAC | BB48: =+IF($N48<>0,VLOOKUP($N48,POSTES,4,0),"-") -> 13/400 | BC48: =+IF($N48<>0,VLOOKUP($N48,POSTES,5,0),0) -> 13 | BI48: =+BI47+1 -> 46 | CD48: =+SUM(AM48:AN48) -> 1 | CE48: =+SUM(AP48:AQ48) -> 1 | CF48: =+SUM(AR48:AS48) -> 1
A49: =+A48+1 -> 47 | B49: 18 | C49: MEDANO NEGRO | D49: - | E49: 8 | F49: TSVE-2 | G49: - | H49: 1 | I49: 0 | J49: PAT-1C | K49: 35 mm² AAAC | L49: 17.2 | M49: 2 | N49: CAC 13/400 | O49: 1 | P49: - | Q49: 0 | R49: 0 | S49: 781385.75 | T49: 8990089.85 | U49: 0 | V49: 0 | W49: 0 | X49: 0 | Y49: 0 | Z49: 0 | AA49: 0 | AB49: 0 | AC49: 0 | AD49: 0 | AE49: 0 | AF49: 0 | AG49: 0 | AH49: 0 | AK49: 1 | AL49: 0 | AM49: 1 | AN49: 0 | AO49: CI-A | AP49: 1 | AQ49: 0 | AR49: 1 | AS49: 0 | AT49: 0 | AU49: SI | AV49: =+IF(M49<>0,VLOOKUP($P49,TRAFOS,4,0),"-") -> - | AW49: =IF($L49<250,0,IF($L49<400,$M49*2,IF($L49<600,$M49*4,$M49*6))) -> 0 | AX49: 2 | AY49: =+IF(P49<>0,VLOOKUP($P49,TRAFOS,3,0),"-") -> - | AZ49: =+IF(B49<>0,"NO","-") -> NO | BA49: =+IF($N49<>0,VLOOKUP($N49,POSTES,3,0),"-") -> CAC | BB49: =+IF($N49<>0,VLOOKUP($N49,POSTES,4,0),"-") -> 13/400 | BC49: =+IF($N49<>0,VLOOKUP($N49,POSTES,5,0),0) -> 13 | BI49: =+BI48+1 -> 47 | CD49: =+SUM(AM49:AN49) -> 1 | CE49: =+SUM(AP49:AQ49) -> 1 | CF49: =+SUM(AR49:AS49) -> 1
A50: =+A49+1 -> 48 | B50: 18 | C50: MEDANO NEGRO | D50: - | E50: 9 | F50: PSVE-2 | G50: - | H50: 0 | I50: 0 | J50: PAT-1C | K50: 35 mm² AAAC | L50: 98.7 | M50: 2 | N50: CAC 13/300 | O50: 1 | P50: - | Q50: 0 | R50: 0 | S50: 781336.38 | T50: 8990004.38 | U50: 0 | V50: 0 | W50: 0 | X50: 0 | Y50: 0 | Z50: 0 | AA50: 0 | AB50: 0 | AC50: 0 | AD50: 0 | AE50: 0 | AF50: 0 | AG50: 0 | AH50: 0 | AM50: 1 | AN50: 0 | AO50: CI-A | AR50: 1 | AS50: 0 | AT50: 0 | AU50: SI | AV50: =+IF(M50<>0,VLOOKUP($P50,TRAFOS,4,0),"-") -> - | AW50: =IF($L50<250,0,IF($L50<400,$M50*2,IF($L50<600,$M50*4,$M50*6))) -> 0 | AX50: 2 | AY50: =+IF(P50<>0,VLOOKUP($P50,TRAFOS,3,0),"-") -> - | AZ50: =+IF(B50<>0,"NO","-") -> NO | BA50: =+IF($N50<>0,VLOOKUP($N50,POSTES,3,0),"-") -> CAC | BB50: =+IF($N50<>0,VLOOKUP($N50,POSTES,4,0),"-") -> 13/300 | BC50: =+IF($N50<>0,VLOOKUP($N50,POSTES,5,0),0) -> 13 | BI50: =+BI49+1 -> 48 | CD50: =+SUM(AM50:AN50) -> 1 | CE50: =+SUM(AP50:AQ50) -> 0 | CF50: =+SUM(AR50:AS50) -> 1
A51: =+A50+1 -> 49 | B51: 18 | C51: MEDANO NEGRO | D51: - | E51: 10 | F51: PSVE-2 | G51: - | H51: 0 | I51: 0 | J51: PAT-1C | K51: 35 mm² AAAC | L51: 100.3 | M51: 2 | N51: CAC 13/300 | O51: 1 | P51: - | Q51: 0 | R51: 0 | S51: 781286.24 | T51: 8989917.53 | U51: 0 | V51: 0 | W51: 0 | X51: 0 | Y51: 0 | Z51: 0 | AA51: 0 | AB51: 0 | AC51: 0 | AD51: 0 | AE51: 0 | AF51: 0 | AG51: 0 | AH51: 0 | AM51: 1 | AN51: 0 | AO51: CI-A | AR51: 1 | AS51: 0 | AT51: 0 | AU51: SI | AV51: =+IF(M51<>0,VLOOKUP($P51,TRAFOS,4,0),"-") -> - | AW51: =IF($L51<250,0,IF($L51<400,$M51*2,IF($L51<600,$M51*4,$M51*6))) -> 0 | AX51: 2 | AY51: =+IF(P51<>0,VLOOKUP($P51,TRAFOS,3,0),"-") -> - | AZ51: =+IF(B51<>0,"NO","-") -> NO | BA51: =+IF($N51<>0,VLOOKUP($N51,POSTES,3,0),"-") -> CAC | BB51: =+IF($N51<>0,VLOOKUP($N51,POSTES,4,0),"-") -> 13/300 | BC51: =+IF($N51<>0,VLOOKUP($N51,POSTES,5,0),0) -> 13 | BI51: =+BI50+1 -> 49 | CD51: =+SUM(AM51:AN51) -> 1 | CE51: =+SUM(AP51:AQ51) -> 0 | CF51: =+SUM(AR51:AS51) -> 1
A52: =+A51+1 -> 50 | B52: 18 | C52: MEDANO NEGRO | D52: - | E52: 11 | F52: PSVE-2 | G52: - | H52: 0 | I52: 0 | J52: PAT-1C | K52: 35 mm² AAAC | L52: 89 | M52: 2 | N52: CAC 13/300 | O52: 1 | P52: - | Q52: 0 | R52: 0 | S52: 781241.81 | T52: 8989840.5 | U52: 0 | V52: 0 | W52: 0 | X52: 0 | Y52: 0 | Z52: 0 | AA52: 0 | AB52: 0 | AC52: 0 | AD52: 0 | AE52: 0 | AF52: 0 | AG52: 0 | AH52: 0 | AM52: 1 | AN52: 0 | AO52: CI-A | AR52: 1 | AS52: 0 | AT52: 0 | AU52: SI | AV52: =+IF(M52<>0,VLOOKUP($P52,TRAFOS,4,0),"-") -> - | AW52: =IF($L52<250,0,IF($L52<400,$M52*2,IF($L52<600,$M52*4,$M52*6))) -> 0 | AX52: 2 | AY52: =+IF(P52<>0,VLOOKUP($P52,TRAFOS,3,0),"-") -> - | AZ52: =+IF(B52<>0,"NO","-") -> NO | BA52: =+IF($N52<>0,VLOOKUP($N52,POSTES,3,0),"-") -> CAC | BB52: =+IF($N52<>0,VLOOKUP($N52,POSTES,4,0),"-") -> 13/300 | BC52: =+IF($N52<>0,VLOOKUP($N52,POSTES,5,0),0) -> 13 | BI52: =+BI51+1 -> 50 | CD52: =+SUM(AM52:AN52) -> 1 | CE52: =+SUM(AP52:AQ52) -> 0 | CF52: =+SUM(AR52:AS52) -> 1
A53: =+A52+1 -> 51 | B53: 18 | C53: MEDANO NEGRO | D53: - | E53: 12 | F53: TSVE-2 | G53: - | H53: 1 | I53: 0 | J53: PAT-1C | K53: 35 mm² AAAC | L53: 98.2 | M53: 2 | N53: CAC 13/400 | O53: 1 | P53: - | Q53: 0 | R53: 0 | S53: 781192.88 | T53: 8989755.35 | U53: 0 | V53: 0 | W53: 0 | X53: 0 | Y53: 0 | Z53: 0 | AA53: 0 | AB53: 0 | AC53: 0 | AD53: 0 | AE53: 0 | AF53: 0 | AG53: 0 | AH53: 0 | AK53: 1 | AL53: 0 | AM53: 1 | AN53: 0 | AO53: CI-A | AP53: 1 | AQ53: 0 | AR53: 1 | AS53: 0 | AT53: 0 | AU53: SI | AV53: =+IF(M53<>0,VLOOKUP($P53,TRAFOS,4,0),"-") -> - | AW53: =IF($L53<250,0,IF($L53<400,$M53*2,IF($L53<600,$M53*4,$M53*6))) -> 0 | AX53: 2 | AY53: =+IF(P53<>0,VLOOKUP($P53,TRAFOS,3,0),"-") -> - | AZ53: =+IF(B53<>0,"NO","-") -> NO | BA53: =+IF($N53<>0,VLOOKUP($N53,POSTES,3,0),"-") -> CAC | BB53: =+IF($N53<>0,VLOOKUP($N53,POSTES,4,0),"-") -> 13/400 | BC53: =+IF($N53<>0,VLOOKUP($N53,POSTES,5,0),0) -> 13 | BI53: =+BI52+1 -> 51 | CD53: =+SUM(AM53:AN53) -> 1 | CE53: =+SUM(AP53:AQ53) -> 1 | CF53: =+SUM(AR53:AS53) -> 1
A54: =+A53+1 -> 52 | B54: 18 | C54: MEDANO NEGRO | D54: 01 | E54: 13 | F54: PSVE-2 | G54: SBM-2V | H54: 0 | I54: 0 | J54: PAT-3 | K54: 35 mm² AAAC | L54: 29.8 | M54: 2 | N54: CAC 13/400 | O54: 1 | P54: 10kVA-2ø-13,8kV | Q54: 2 | R54: 2 | S54: 781177.91 | T54: 8989729.36 | U54: 0 | V54: 0 | W54: 0 | X54: 0 | Y54: 0 | Z54: 0 | AA54: 0 | AB54: 0 | AC54: 0 | AD54: 0 | AE54: 0 | AF54: 0 | AG54: 0 | AH54: 0 | AM54: 1 | AN54: 0 | AO54: CI-A | AR54: 1 | AS54: 0 | AU54: SI | AV54: =+IF(M54<>0,VLOOKUP($P54,TRAFOS,4,0),"-") -> 2A-K | AW54: =IF($L54<250,0,IF($L54<400,$M54*2,IF($L54<600,$M54*4,$M54*6))) -> 0 | AX54: 2 | AY54: =+IF(P54<>0,VLOOKUP($P54,TRAFOS,3,0),"-") -> 13,8kV | AZ54: =+IF(B54<>0,"NO","-") -> NO | BA54: =+IF($N54<>0,VLOOKUP($N54,POSTES,3,0),"-") -> CAC | BB54: =+IF($N54<>0,VLOOKUP($N54,POSTES,4,0),"-") -> 13/400 | BC54: =+IF($N54<>0,VLOOKUP($N54,POSTES,5,0),0) -> 13 | BI54: =+BI53+1 -> 52 | CD54: =+SUM(AM54:AN54) -> 1 | CE54: =+SUM(AP54:AQ54) -> 0 | CF54: =+SUM(AR54:AS54) -> 1
A55: =+A54+1 -> 53 | B55: 19 | C55: PAMPA HERMOSA | D55: - | E55: 0 | F55: - | G55: DS-2 | H55: 0 | I55: 0 | J55: - | K55: 35 mm² AAAC | L55: 0 | M55: 2 | N55: - | O55: 0 | P55: - | Q55: 0 | R55: 0 | S55: 781055.1575 | T55: 8992054.8899 | U55: 0 | V55: 0 | W55: 0 | X55: 0 | Y55: 0 | Z55: 0 | AA55: 0 | AB55: 0 | AC55: 0 | AD55: 0 | AE55: 0 | AF55: 0 | AG55: 0 | AH55: 0 | AM55: 0 | AN55: 0 | AO55: - | AU55: SI | AV55: =+IF(M55<>0,VLOOKUP($P55,TRAFOS,4,0),"-") -> - | AW55: =IF($L55<250,0,IF($L55<400,$M55*2,IF($L55<600,$M55*4,$M55*6))) -> 0 | AX55: 2 | AY55: =+IF(P55<>0,VLOOKUP($P55,TRAFOS,3,0),"-") -> - | AZ55: =+IF(B55<>0,"NO","-") -> NO | BA55: =+IF($N55<>0,VLOOKUP($N55,POSTES,3,0),"-") -> - | BB55: =+IF($N55<>0,VLOOKUP($N55,POSTES,4,0),"-") -> - | BC55: =+IF($N55<>0,VLOOKUP($N55,POSTES,5,0),0) -> - | BI55: =+BI54+1 -> 53 | CD55: =+SUM(AM55:AN55) -> 0 | CE55: =+SUM(AP55:AQ55) -> 0 | CF55: =+SUM(AR55:AS55) -> 0
A56: =+A55+1 -> 54 | B56: 19 | C56: PAMPA HERMOSA | D56: 01 | E56: 1 | F56: PSVE-2 | G56: SBM-2V | H56: 0 | I56: 0 | J56: PAT-3 | K56: 35 mm² AAAC | L56: 25.3 | M56: 2 | N56: CAC 13/400 | O56: 1 | P56: 5kVA-2ø-13,8kV | Q56: 2 | R56: 2 | S56: 781042.1093 | T56: 8992033.2834 | U56: 0 | V56: 0 | W56: 0 | X56: 0 | Y56: 0 | Z56: 0 | AA56: 0 | AB56: 0 | AC56: 0 | AD56: 0 | AE56: 0 | AF56: 0 | AG56: 0 | AH56: 0 | AM56: 1 | AN56: 0 | AO56: CI-A | AR56: 1 | AS56: 0 | AU56: SI | AV56: =+IF(M56<>0,VLOOKUP($P56,TRAFOS,4,0),"-") -> 2A-K | AW56: =IF($L56<250,0,IF($L56<400,$M56*2,IF($L56<600,$M56*4,$M56*6))) -> 0 | AX56: 2 | AY56: =+IF(P56<>0,VLOOKUP($P56,TRAFOS,3,0),"-") -> 13,8kV | AZ56: =+IF(B56<>0,"NO","-") -> NO | BA56: =+IF($N56<>0,VLOOKUP($N56,POSTES,3,0),"-") -> CAC | BB56: =+IF($N56<>0,VLOOKUP($N56,POSTES,4,0),"-") -> 13/400 | BC56: =+IF($N56<>0,VLOOKUP($N56,POSTES,5,0),0) -> 13 | BI56: =+BI55+1 -> 54 | CD56: =+SUM(AM56:AN56) -> 1 | CE56: =+SUM(AP56:AQ56) -> 0 | CF56: =+SUM(AR56:AS56) -> 1
A57: =+A56+1 -> 55 | B57: 20 | C57: EL PARAISO NUEVO VALLE LA CARBONERA | D57: - | E57: 0 | F57: - | G57: DS-2 | H57: 0 | I57: 0 | J57: - | K57: 35 mm² AAAC | L57: 0 | M57: 2 | N57: - | O57: 0 | P57: - | Q57: 0 | R57: 0 | S57: 783333.21 | T57: 8992198.42 | U57: 0 | V57: 0 | W57: 0 | X57: 0 | Y57: 0 | Z57: 0 | AA57: 0 | AB57: 0 | AC57: 0 | AD57: 0 | AE57: 0 | AF57: 0 | AG57: 0 | AH57: 0 | AM57: 0 | AN57: 0 | AO57: - | AU57: SI | AV57: =+IF(M57<>0,VLOOKUP($P57,TRAFOS,4,0),"-") -> - | AW57: =IF($L57<250,0,IF($L57<400,$M57*2,IF($L57<600,$M57*4,$M57*6))) -> 0 | AX57: 2 | AY57: =+IF(P57<>0,VLOOKUP($P57,TRAFOS,3,0),"-") -> - | AZ57: =+IF(B57<>0,"NO","-") -> NO | BA57: =+IF($N57<>0,VLOOKUP($N57,POSTES,3,0),"-") -> - | BB57: =+IF($N57<>0,VLOOKUP($N57,POSTES,4,0),"-") -> - | BC57: =+IF($N57<>0,VLOOKUP($N57,POSTES,5,0),0) -> - | BI57: =+BI56+1 -> 55 | CD57: =+SUM(AM57:AN57) -> 0 | CE57: =+SUM(AP57:AQ57) -> 0 | CF57: =+SUM(AR57:AS57) -> 0
A58: =+A57+1 -> 56 | B58: 20 | C58: EL PARAISO NUEVO VALLE LA CARBONERA | D58: - | E58: 1 | F58: TSVE-2 | G58: - | H58: 1 | I58: 0 | J58: PAT-1C | K58: 35 mm² AAAC | L58: 28.1 | M58: 2 | N58: CAC 13/400 | O58: 1 | P58: - | Q58: 0 | R58: 0 | S58: 783354.34 | T58: 8992216.78 | U58: 0 | V58: 0 | W58: 0 | X58: 0 | Y58: 0 | Z58: 0 | AA58: 0 | AB58: 0 | AC58: 0 | AD58: 0 | AE58: 0 | AF58: 0 | AG58: 0 | AH58: 0 | AK58: 1 | AL58: 0 | AM58: 1 | AN58: 0 | AO58: CI-A | AP58: 1 | AQ58: 0 | AR58: 1 | AS58: 0 | AU58: SI | AV58: =+IF(M58<>0,VLOOKUP($P58,TRAFOS,4,0),"-") -> - | AW58: =IF($L58<250,0,IF($L58<400,$M58*2,IF($L58<600,$M58*4,$M58*6))) -> 0 | AX58: 2 | AY58: =+IF(P58<>0,VLOOKUP($P58,TRAFOS,3,0),"-") -> - | AZ58: =+IF(B58<>0,"NO","-") -> NO | BA58: =+IF($N58<>0,VLOOKUP($N58,POSTES,3,0),"-") -> CAC | BB58: =+IF($N58<>0,VLOOKUP($N58,POSTES,4,0),"-") -> 13/400 | BC58: =+IF($N58<>0,VLOOKUP($N58,POSTES,5,0),0) -> 13 | BI58: =+BI57+1 -> 56 | CD58: =+SUM(AM58:AN58) -> 1 | CE58: =+SUM(AP58:AQ58) -> 1 | CF58: =+SUM(AR58:AS58) -> 1
A59: =+A58+1 -> 57 | B59: 20 | C59: EL PARAISO NUEVO VALLE LA CARBONERA | D59: - | E59: 2 | F59: PSVE-2 | G59: - | H59: 0 | I59: 0 | J59: PAT-1C | K59: 35 mm² AAAC | L59: 80 | M59: 2 | N59: CAC 13/300 | O59: 1 | P59: - | Q59: 0 | R59: 0 | S59: 783415.92 | T59: 8992267.85 | U59: 0 | V59: 0 | W59: 0 | X59: 0 | Y59: 0 | Z59: 0 | AA59: 0 | AB59: 0 | AC59: 0 | AD59: 0 | AE59: 0 | AF59: 0 | AG59: 0 | AH59: 0 | AM59: 1 | AN59: 0 | AO59: CI-A | AR59: 1 | AS59: 0 | AU59: SI | AV59: =+IF(M59<>0,VLOOKUP($P59,TRAFOS,4,0),"-") -> - | AW59: =IF($L59<250,0,IF($L59<400,$M59*2,IF($L59<600,$M59*4,$M59*6))) -> 0 | AX59: 2 | AY59: =+IF(P59<>0,VLOOKUP($P59,TRAFOS,3,0),"-") -> - | AZ59: =+IF(B59<>0,"NO","-") -> NO | BA59: =+IF($N59<>0,VLOOKUP($N59,POSTES,3,0),"-") -> CAC | BB59: =+IF($N59<>0,VLOOKUP($N59,POSTES,4,0),"-") -> 13/300 | BC59: =+IF($N59<>0,VLOOKUP($N59,POSTES,5,0),0) -> 13 | BI59: =+BI58+1 -> 57 | CD59: =+SUM(AM59:AN59) -> 1 | CE59: =+SUM(AP59:AQ59) -> 0 | CF59: =+SUM(AR59:AS59) -> 1
A60: =+A59+1 -> 58 | B60: 20 | C60: EL PARAISO NUEVO VALLE LA CARBONERA | D60: - | E60: 3 | F60: PSVE-2 | G60: - | H60: 0 | I60: 0 | J60: PAT-1C | K60: 35 mm² AAAC | L60: 80 | M60: 2 | N60: CAC 13/300 | O60: 1 | P60: - | Q60: 0 | R60: 0 | S60: 783477.85 | T60: 8992318.5 | U60: 0 | V60: 0 | W60: 0 | X60: 0 | Y60: 0 | Z60: 0 | AA60: 0 | AB60: 0 | AC60: 0 | AD60: 0 | AE60: 0 | AF60: 0 | AG60: 0 | AH60: 0 | AM60: 1 | AN60: 0 | AO60: CI-A | AR60: 1 | AS60: 0 | AU60: SI | AV60: =+IF(M60<>0,VLOOKUP($P60,TRAFOS,4,0),"-") -> - | AW60: =IF($L60<250,0,IF($L60<400,$M60*2,IF($L60<600,$M60*4,$M60*6))) -> 0 | AX60: 2 | AY60: =+IF(P60<>0,VLOOKUP($P60,TRAFOS,3,0),"-") -> - | AZ60: =+IF(B60<>0,"NO","-") -> NO | BA60: =+IF($N60<>0,VLOOKUP($N60,POSTES,3,0),"-") -> CAC | BB60: =+IF($N60<>0,VLOOKUP($N60,POSTES,4,0),"-") -> 13/300 | BC60: =+IF($N60<>0,VLOOKUP($N60,POSTES,5,0),0) -> 13 | BI60: =+BI59+1 -> 58 | CD60: =+SUM(AM60:AN60) -> 1 | CE60: =+SUM(AP60:AQ60) -> 0 | CF60: =+SUM(AR60:AS60) -> 1
A61: =+A60+1 -> 59 | B61: 20 | C61: EL PARAISO NUEVO VALLE LA CARBONERA | D61: - | E61: 4 | F61: PSVE-2 | G61: - | H61: 0 | I61: 0 | J61: PAT-1C | K61: 35 mm² AAAC | L61: 85.3 | M61: 2 | N61: CAC 13/300 | O61: 1 | P61: - | Q61: 0 | R61: 0 | S61: 783543.08 | T61: 8992373.36 | U61: 0 | V61: 0 | W61: 0 | X61: 0 | Y61: 0 | Z61: 0 | AA61: 0 | AB61: 0 | AC61: 0 | AD61: 0 | AE61: 0 | AF61: 0 | AG61: 0 | AH61: 0 | AM61: 0 | AN61: 1 | AO61: CII-A | AR61: 1 | AS61: 0 | AU61: SI | AV61: =+IF(M61<>0,VLOOKUP($P61,TRAFOS,4,0),"-") -> - | AW61: =IF($L61<250,0,IF($L61<400,$M61*2,IF($L61<600,$M61*4,$M61*6))) -> 0 | AX61: 2 | AY61: =+IF(P61<>0,VLOOKUP($P61,TRAFOS,3,0),"-") -> - | AZ61: =+IF(B61<>0,"NO","-") -> NO | BA61: =+IF($N61<>0,VLOOKUP($N61,POSTES,3,0),"-") -> CAC | BB61: =+IF($N61<>0,VLOOKUP($N61,POSTES,4,0),"-") -> 13/300 | BC61: =+IF($N61<>0,VLOOKUP($N61,POSTES,5,0),0) -> 13 | BI61: =+BI60+1 -> 59 | CD61: =+SUM(AM61:AN61) -> 1 | CE61: =+SUM(AP61:AQ61) -> 0 | CF61: =+SUM(AR61:AS61) -> 1
A62: =+A61+1 -> 60 | B62: 20 | C62: EL PARAISO NUEVO VALLE LA CARBONERA | D62: - | E62: 5 | F62: TSVE-2 | G62: - | H62: 1 | I62: 0 | J62: PAT-1C | K62: 35 mm² AAAC | L62: 82.3 | M62: 2 | N62: CAC 13/400 | O62: 1 | P62: - | Q62: 0 | R62: 0 | S62: 783606.27 | T62: 8992425.79 | U62: 0 | V62: 0 | W62: 0 | X62: 0 | Y62: 0 | Z62: 0 | AA62: 0 | AB62: 0 | AC62: 0 | AD62: 0 | AE62: 0 | AF62: 0 | AG62: 0 | AH62: 0 | AK62: 1 | AL62: 0 | AM62: 1 | AN62: 0 | AO62: CI-A | AP62: 1 | AQ62: 0 | AR62: 1 | AS62: 0 | AU62: SI | AV62: =+IF(M62<>0,VLOOKUP($P62,TRAFOS,4,0),"-") -> - | AW62: =IF($L62<250,0,IF($L62<400,$M62*2,IF($L62<600,$M62*4,$M62*6))) -> 0 | AX62: 2 | AY62: =+IF(P62<>0,VLOOKUP($P62,TRAFOS,3,0),"-") -> - | AZ62: =+IF(B62<>0,"NO","-") -> NO | BA62: =+IF($N62<>0,VLOOKUP($N62,POSTES,3,0),"-") -> CAC | BB62: =+IF($N62<>0,VLOOKUP($N62,POSTES,4,0),"-") -> 13/400 | BC62: =+IF($N62<>0,VLOOKUP($N62,POSTES,5,0),0) -> 13 | BI62: =+BI61+1 -> 60 | CD62: =+SUM(AM62:AN62) -> 1 | CE62: =+SUM(AP62:AQ62) -> 1 | CF62: =+SUM(AR62:AS62) -> 1
A63: =+A62+1 -> 61 | B63: 20 | C63: EL PARAISO NUEVO VALLE LA CARBONERA | D63: 01 | E63: 6 | F63: PSVE-2 | G63: SBM-2V | H63: 0 | I63: 0 | J63: PAT-3 | K63: 35 mm² AAAC | L63: 28.3 | M63: 2 | N63: CAC 13/400 | O63: 1 | P63: 37.5kVA-2ø-13,8kV | Q63: 2 | R63: 2 | S63: 783628.00 | T63: 8992443.82 | U63: 0 | V63: 0 | W63: 0 | X63: 0 | Y63: 0 | Z63: 0 | AA63: 0 | AB63: 0 | AC63: 0 | AD63: 0 | AE63: 0 | AF63: 0 | AG63: 0 | AH63: 0 | AM63: 1 | AN63: 0 | AO63: CI-A | AR63: 0 | AS63: 1 | AT63: 0 | AU63: SI | AV63: =+IF(M63<>0,VLOOKUP($P63,TRAFOS,4,0),"-") -> 3A-K | AW63: =IF($L63<250,0,IF($L63<400,$M63*2,IF($L63<600,$M63*4,$M63*6))) -> 0 | AX63: 2 | AY63: =+IF(P63<>0,VLOOKUP($P63,TRAFOS,3,0),"-") -> 13,8kV | AZ63: =+IF(B63<>0,"NO","-") -> NO | BA63: =+IF($N63<>0,VLOOKUP($N63,POSTES,3,0),"-") -> CAC | BB63: =+IF($N63<>0,VLOOKUP($N63,POSTES,4,0),"-") -> 13/400 | BC63: =+IF($N63<>0,VLOOKUP($N63,POSTES,5,0),0) -> 13 | BI63: =+BI62+1 -> 61 | CD63: =+SUM(AM63:AN63) -> 1 | CE63: =+SUM(AP63:AQ63) -> 0 | CF63: =+SUM(AR63:AS63) -> 1
A64: =+A63+1 -> 62 | BI64: =+BI63+1 -> 62 | CD64: =+SUM(AM64:AN64) -> 0 | CE64: =+SUM(AP64:AQ64) -> 0 | CF64: =+SUM(AR64:AS64) -> 0
A65: =+A64+1 -> 63 | BI65: =+BI64+1 -> 63 | CD65: =+SUM(AM65:AN65) -> 0 | CE65: =+SUM(AP65:AQ65) -> 0 | CF65: =+SUM(AR65:AS65) -> 0
A66: =+A65+1 -> 64 | BI66: =+BI65+1 -> 64 | CD66: =+SUM(AM66:AN66) -> 0 | CE66: =+SUM(AP66:AQ66) -> 0 | CF66: =+SUM(AR66:AS66) -> 0
A67: =+A66+1 -> 65 | BI67: =+BI66+1 -> 65 | CD67: =+SUM(AM67:AN67) -> 0 | CE67: =+SUM(AP67:AQ67) -> 0 | CF67: =+SUM(AR67:AS67) -> 0
A68: =+A67+1 -> 66 | BI68: =+BI67+1 -> 66 | CD68: =+SUM(AM68:AN68) -> 0 | CE68: =+SUM(AP68:AQ68) -> 0 | CF68: =+SUM(AR68:AS68) -> 0
A69: =+A68+1 -> 67 | BI69: =+BI68+1 -> 67 | CD69: =+SUM(AM69:AN69) -> 0 | CE69: =+SUM(AP69:AQ69) -> 0 | CF69: =+SUM(AR69:AS69) -> 0
A70: =+A69+1 -> 68 | BI70: =+BI69+1 -> 68 | CD70: =+SUM(AM70:AN70) -> 0 | CE70: =+SUM(AP70:AQ70) -> 0 | CF70: =+SUM(AR70:AS70) -> 0
A71: =+A70+1 -> 69 | BI71: =+BI70+1 -> 69 | CD71: =+SUM(AM71:AN71) -> 0 | CE71: =+SUM(AP71:AQ71) -> 0 | CF71: =+SUM(AR71:AS71) -> 0
A72: =+A71+1 -> 70 | BI72: =+BI71+1 -> 70 | CD72: =+SUM(AM72:AN72) -> 0 | CE72: =+SUM(AP72:AQ72) -> 0 | CF72: =+SUM(AR72:AS72) -> 0
A73: =+A72+1 -> 71 | BI73: =+BI72+1 -> 71 | CD73: =+SUM(AM73:AN73) -> 0 | CE73: =+SUM(AP73:AQ73) -> 0 | CF73: =+SUM(AR73:AS73) -> 0
A74: =+A73+1 -> 72 | BI74: =+BI73+1 -> 72 | CD74: =+SUM(AM74:AN74) -> 0 | CE74: =+SUM(AP74:AQ74) -> 0 | CF74: =+SUM(AR74:AS74) -> 0
A75: =+A74+1 -> 73 | BI75: =+BI74+1 -> 73
A76: =+A75+1 -> 74 | BI76: =+BI75+1 -> 74
A77: =+A76+1 -> 75 | BI77: =+BI76+1 -> 75
A78: =+A77+1 -> 76 | BI78: =+BI77+1 -> 76
A79: =+A78+1 -> 77 | BI79: =+BI78+1 -> 77
A80: =+A79+1 -> 78 | BI80: =+BI79+1 -> 78
A81: =+A80+1 -> 79 | BI81: =+BI80+1 -> 79
A82: =+A81+1 -> 80 | BI82: =+BI81+1 -> 80
A83: =+A82+1 -> 81 | BI83: =+BI82+1 -> 81
A84: =+A83+1 -> 82 | BI84: =+BI83+1 -> 82
A85: =+A84+1 -> 83 | BI85: =+BI84+1 -> 83
A86: =+A85+1 -> 84 | BI86: =+BI85+1 -> 84
... A1005: =+A1004+1 -> 1003 | BI1005: =+BI1004+1 -> 1003

Sheet Hoja7
A3: Etiquetas de fila | B3: Suma de Vano-m | D3: Etiquetas de fila | E3: Suma de Vano-m | G3: Etiquetas de fila | J3: Etiquetas de fila
A4: - | B4: 0 | D4: - | E4: 1764.3 | G4: - | J4: -
A5: DS-0 | B5: 0 | D5: DS-0 | E5: 0 | G5: 35 mm² AAAC | J5: 10kVA-2ø-13,8kV
A6: EC | B6: 0 | D6: DS-0A | E6: 0 | G6: Total general | J6: 37.5kVA-2ø-13,8kV
A7: PA1-0 | B7: 189.7 | D7: DS-2 | E7: 0 | J7: 5kVA-1ø-13,2kV
A8: PS1-0 | B8: 196.44 | D8: PTV-0 | E8: 0 | J8: 5kVA-2ø-13,8kV
A9: PS1-2 | B9: 83.2 | D9: SBM-2P | E9: 88 | J9: 5kVA-2ø-22,9kV
A10: PSVE-2 | B10: 1116.4 | D10: SBM-2V | E10: 117.7 | J10: Total general
A11: PTV-0 | B11: 82.94 | D11: SMM-1P | E11: 82.94
A12: TS-0 | B12: 159.6 | D12: SMM-2P | E12: 196.44
A13: TSVE-2 | B13: 421.1 | D13: Total general | E13: 2249.38 | J13: Etiquetas de fila | K13: Suma de Cantidad de Soportes
A14: Total general | B14: 2249.38 | J14: - | K14: 0
J15: CAC 12/200 | K15: 0
J16: CAC 12/300 | K16: 0
J17: CAC 13/300 | K17: 0
J18: CAC 13/400 | K18: 0
J19: PRFV 12/300 | K19: 0
J20: Total general | K20: 0
D22: DS-0 | E22: 0
D23: EC | E23: 0
D24: PA1-0 | E24: 189.7
D25: PS1-0 | E25: 196.44
D26: PS1-2 | E26: 83.2
D27: PSVE-2 | E27: 1116.4
D28: PTV-0 | E28: 82.94
D29: TS-0 | E29: 159.6
D30: TSVE-2 | E30: 421.1
D31: - | E31: 1764.3
D32: DS-0A | E32: 0
D33: DS-2 | E33: 0
... D37: SMM-2P | E37: 196.44

Sheet Hoja6
A1: ID | B1: N° | C1: Localidad | D1: N° SED | E1: N° Estructura | F1: Arm. Primario | G1: Arm. Secundario | H1: RI | I1: RV | J1: PAT | K1: Conductor | L1: Vano-m | M1: Num. Fases | N1: Soporte | O1: Cantidad de Soportes | P1: Subestación | Q1: Seccionadores | R1: Pararrayos | S1: Coordenada X | T1: Coordenada Y | U1: Conexiones I | V1: Conexiones L | W1: Conexiones T | X1: Conexiones + | Y1: Retenida Inclinada de RS | Z1: Retenida Vertical de RS | AA1: Retenida Inclinada de RP | AB1: Retenida Vertical de RP | AC1: Retenida Inclinada de LP | AD1: Retenida Vertical de LP | AE1: Retenida Inclinada Existente de RS | AF1: Retenida Vertical Existente de RS | AG1: Retenida Inclinada Existente de RP | AH1: Retenida Vertical Existente de RP
A2: 1 | B2: 1 | C2: CONCHIPAMPA | D2: - | E2: 0 | F2: - | G2: DS-0 | H2: 0 | I2: 0 | J2: - | K2: - | L2: 0 | M2: 0 | N2: - | O2: 0 | P2: - | Q2: 0 | R2: 0 | S2: 174368.64 | T2: 8980122.95 | U2: 0 | V2: 0 | W2: 0 | X2: 0 | Y2: 0 | Z2: 0 | AA2: 0 | AB2: 0 | AC2: 0 | AD2: 0 | AE2: 0 | AF2: 0 | AG2: 0 | AH2: 0
A3: =+A2+1 -> 2 | B3: 1 | C3: CONCHIPAMPA | D3: - | E3: 1 | F3: TS-0 | G3: - | H3: 1 | I3: 0 | J3: PAT-1C | K3: 35 mm² AAAC | L3: 22.2 | M3: 1 | N3: CAC 12/300 | O3: 1 | P3: - | Q3: 0 | R3: 0 | S3: 174390.7176 | T3: 8980123.4154 | U3: 0 | V3: 0 | W3: 0 | X3: 0 | Y3: 0 | Z3: 0 | AA3: 1 | AB3: 0 | AC3: 0 | AD3: 0 | AE3: 0 | AF3: 0 | AG3: 0 | AH3: 0
A4: =+A3+1 -> 3 | B4: 1 | C4: CONCHIPAMPA | D4: - | E4: 2 | F4: TS-0 | G4: - | H4: 1 | I4: 0 | J4: PAT-1C | K4: 35 mm² AAAC | L4: 45.3 | M4: 1 | N4: CAC 12/300 | O4: 1 | P4: - | Q4: 0 | R4: 0 | S4: 174434.0564 | T4: 8980110.6284 | U4: 0 | V4: 0 | W4: 0 | X4: 0 | Y4: 0 | Z4: 0 | AA4: 1 | AB4: 0 | AC4: 0 | AD4: 0 | AE4: 0 | AF4: 0 | AG4: 0 | AH4: 0
A5: =+A4+1 -> 4 | B5: 1 | C5: CONCHIPAMPA | D5: 01 | E5: 3 | F5: PS1-0 | G5: SMM-2P | H5: 0 | I5: 0 | J5: PAT-2 | K5: 35 mm² AAAC | L5: 29.8 | M5: 1 | N5: CAC 12/300 | O5: 1 | P5: 5kVA-1ø-13,2kV | Q5: 1 | R5: 1 | S5: 174461.1523 | T5: 8980123.1393 | U5: 0 | V5: 0 | W5: 0 | X5: 0 | Y5: 0 | Z5: 0 | AA5: 0 | AB5: 0 | AC5: 0 | AD5: 0 | AE5: 0 | AF5: 0 | AG5: 0 | AH5: 0
A6: =+A5+1 -> 5 | B6: 2 | C6: PUEBLO NUEVO HUASCAR | D6: - | E6: 0 | F6: - | G6: DS-0 | H6: 0 | I6: 0 | J6: - | K6: - | L6: 0 | M6: 0 | N6: - | O6: 0 | P6: - | Q6: 0 | R6: 0 | S6: 172081.9996 | T6: 8982503.9895 | U6: 0 | V6: 0 | W6: 0 | X6: 0 | Y6: 0 | Z6: 0 | AA6: 0 | AB6: 0 | AC6: 0 | AD6: 0 | AE6: 0 | AF6: 0 | AG6: 0 | AH6: 0
A7: =+A6+1 -> 6 | B7: 2 | C7: PUEBLO NUEVO HUASCAR | D7: - | E7: 1 | F7: TS-0 | G7: - | H7: 1 | I7: 0 | J7: PAT-1C | K7: 35 mm² AAAC | L7: 29 | M7: 1 | N7: CAC 12/300 | O7: 1 | P7: - | Q7: 0 | R7: 0 | S7: 172058.9236 | T7: 8982521.5358 | U7: 0 | V7: 0 | W7: 0 | X7: 0 | Y7: 0 | Z7: 0 | AA7: 1 | AB7: 0 | AC7: 0 | AD7: 0 | AE7: 0 | AF7: 0 | AG7: 0 | AH7: 0
A8: =+A7+1 -> 7 | B8: 2 | C8: PUEBLO NUEVO HUASCAR | D8: - | E8: 2 | F8: PA1-0 | G8: - | H8: 1 | I8: 0 | J8: PAT-1C | K8: 35 mm² AAAC | L8: 115.4 | M8: 1 | N8: CAC 12/300 | O8: 1 | P8: - | Q8: 0 | R8: 0 | S8: 172038.253 | T8: 8982634.9787 | U8: 0 | V8: 0 | W8: 0 | X8: 0 | Y8: 0 | Z8: 0 | AA8: 1 | AB8: 0 | AC8: 0 | AD8: 0 | AE8: 0 | AF8: 0 | AG8: 0 | AH8: 0
A9: =+A8+1 -> 8 | B9: 2 | C9: PUEBLO NUEVO HUASCAR | D9: - | E9: 3 | F9: TS-0 | G9: - | H9: 1 | I9: 0 | J9: PAT-1C | K9: 35 mm² AAAC | L9: 63.1 | M9: 1 | N9: CAC 12/300 | O9: 1 | P9: - | Q9: 0 | R9: 0 | S9: 172036.9713 | T9: 8982697.9748 | U9: 0 | V9: 0 | W9: 0 | X9: 0 | Y9: 0 | Z9: 0 | AA9: 1 | AB9: 0 | AC9: 0 | AD9: 0 | AE9: 0 | AF9: 0 | AG9: 0 | AH9: 0
A10: =+A9+1 -> 9 | B10: 2 | C10: PUEBLO NUEVO HUASCAR | D10: - | E10: 4 | F10: PA1-0 | G10: - | H10: 0 | I10: 0 | J10: PAT-1C | K10: 35 mm² AAAC | L10: 36.4 | M10: 1 | N10: CAC 12/300 | O10: 1 | P10: - | Q10: 0 | R10: 0 | S10: 172070.8955 | T10: 8982711.1068 | U10: 0 | V10: 0 | W10: 0 | X10: 0 | Y10: 0 | Z10: 0 | AA10: 0 | AB10: 0 | AC10: 0 | AD10: 0 | AE10: 0 | AF10: 0 | AG10: 0 | AH10: 0
A11: =+A10+1 -> 10 | B11: 2 | C11: PUEBLO NUEVO HUASCAR | D11: - | E11: 5 | F11: PA1-0 | G11: - | H11: 0 | I11: 0 | J11: PAT-1C | K11: 35 mm² AAAC | L11: 37.9 | M11: 1 | N11: CAC 12/300 | O11: 1 | P11: - | Q11: 0 | R11: 0 | S11: 172079.0269 | T11: 8982674.0201 | U11: 0 | V11: 0 | W11: 0 | X11: 0 | Y11: 0 | Z11: 0 | AA11: 0 | AB11: 0 | AC11: 0 | AD11: 0 | AE11: 0 | AF11: 0 | AG11: 0 | AH11: 0
A12: =+A11+1 -> 11 | B12: 2 | C12: PUEBLO NUEVO HUASCAR | D12: 01 | E12: 6 | F12: PS1-0 | G12: SMM-2P | H12: 0 | I12: 0 | J12: PAT-2 | K12: 35 mm² AAAC | L12: 38 | M12: 1 | N12: CAC 12/300 | O12: 1 | P12: 5kVA-1ø-13,2kV | Q12: 1 | R12: 1 | S12: 172115.8626 | T12: 8982666.8032 | U12: 0 | V12: 0 | W12: 0 | X12: 0 | Y12: 0 | Z12: 0 | AA12: 0 | AB12: 0 | AC12: 0 | AD12: 0 | AE12: 0 | AF12: 0 | AG12: 0 | AH12: 0
A13: =+A12+1 -> 12 | B13: 3 | C13: HUANCA | D13: - | E13: 0 | F13: - | G13: DS-0 | H13: 0 | I13: 0 | J13: - | K13: - | L13: 0 | M13: 0 | N13: - | O13: 0 | P13: - | Q13: 0 | R13: 0 | S13: 173294.2221 | T13: 8978052.0843 | U13: 0 | V13: 0 | W13: 0 | X13: 0 | Y13: 0 | Z13: 0 | AA13: 0 | AB13: 0 | AC13: 0 | AD13: 0 | AE13: 0 | AF13: 0 | AG13: 0 | AH13: 0
A14: =+A13+1 -> 13 | B14: 3 | C14: HUANCA | D14: 01 | E14: 1 | F14: PS1-0 | G14: SMM-2P | H14: 0 | I14: 0 | J14: PAT-2 | K14: 35 mm² AAAC | L14: 24.2 | M14: 1 | N14: CAC 12/300 | O14: 1 | P14: 5kVA-1ø-13,2kV | Q14: 1 | R14: 1 | S14: 173284.3471 | T14: 8978074.0845 | U14: 0 | V14: 0 | W14: 0 | X14: 0 | Y14: 0 | Z14: 0 | AA14: 0 | AB14: 0 | AC14: 0 | AD14: 0 | AE14: 0 | AF14: 0 | AG14: 0 | AH14: 0
... A61: =+A60+1 -> 60 | B61: 20 | C61: EL PARAISO NUEVO VALLE LA CARBONERA | D61: 01 | E61: 6 | F61: PSVE-2 | G61: SBM-2V | H61: 0 | I61: 0 | J61: PAT-2 | K61: 35 mm² AAAC | L61: 28.3 | M61: 2 | N61: CAC 13/400 | O61: 1 | P61: 37.5kVA-2ø-13,8kV | Q61: 2 | R61: 2 | S61: 783628.00 | T61: 8992443.82 | U61: 0 | V61: 0 | W61: 0 | X61: 0 | Y61: 0 | Z61: 0 | AA61: 0 | AB61: 0 | AC61: 0 | AD61: 0 | AE61: 0 | AF61: 0 | AG61: 0 | AH61: 0

Sheet Hoja4
B2: 5kVA-1ø-13,2kV
B3: 5kVA-2ø-22,9kV
B4: 10kVA-2ø-13,8kV
B5: 5kVA-2ø-13,8kV
B6: 37.5kVA-2ø-13,8kV

Sheet Metrado
A2: METRADO DE REDES PRIMARIAS | G2: =+VLOOKUP(G$10,LOCALIDAD,2,0) -> CONCHIPAMPA | H2: =+VLOOKUP(H$10,LOCALIDAD,2,0) -> PUEBLO NUEVO HUASCAR | I2: =+VLOOKUP(I$10,LOCALIDAD,2,0) -> HUANCA | J2: =+VLOOKUP(J$10,LOCALIDAD,2,0) -> ALIZO | K2: =+VLOOKUP(K$10,LOCALIDAD,2,0) -> COTOHUAIN | L2: =+VLOOKUP(L$10,LOCALIDAD,2,0) -> CUTICALLA | M2: =+VLOOKUP(M$10,LOCALIDAD,2,0) -> HICHIK YACU | N2: =+VLOOKUP(N$10,LOCALIDAD,2,0) -> MAL PASO | ... Z2: =+VLOOKUP(Z$10,LOCALIDAD,2,0) -> EL PARAISO NUEVO VALLE LA CARBONERA
A3: OBRA: | C3: "AMPLIACIÓN DEL SERVICIO DE ENERGÍA ELÉCTRICA EN LA PROVINCIA DEL SANTA Y EN EL DISTRITO DE PAMPAROMAS – DEPARTAMENTO DE ANCASH"
A5: ENTIDAD: | C5: MEM/DGER
A6: CONTRATISTA: | C6: CONSORCIO PACIFICO
A7: SUPERVISION | C7: CONSORCIO SERRANO III
A8: UBICACIÓN: | C8: ANCASH
A10: Item | B10: 1 | C10: Descripción de Partidas | D10: Unid. | E10: Metrado | G10: 1 | H10: =+G10+1 -> 2 | I10: =+H10+1 -> 3 | J10: =+I10+1 -> 4 | K10: =+J10+1 -> 5 | L10: =+K10+1 -> 6 | M10: =+L10+1 -> 7 | N10: =+M10+1 -> 8 | O10: =+N10+1 -> 9 | ... Z10: =+Y10+1 -> 20
B11: =+B10+1 -> 2
A12: 1 | B12: =+B11+1 -> 3 | C12: CRUCETAS DE MADERA DE PROCEDENCIA NACIONAL
A13: =+A12+0.01 -> 1.01 | B13: =+B12+1 -> 4 | C13: Cruceta de madera tratada de 90 mm x 115 mm x 1,20 m | D13: u | E13: =+SUM(G13:Z13) -> 10 | G13: =+M_01!E52 -> 1 | H13: =+M_02!E52 -> 1 | I13: =+M_03!E52 -> 1 | L13: =+M_06!E52 -> 1 | M13: =+M_07!E52 -> 1 | N13: =+M_08!E52 -> 1 | O13: =+M_09!E52 -> 0 | P13: =+M_10!E52 -> 1 | Q13: =+M_11!E52 -> 1 | S13: =+M_13!E52 -> 1 | U13: =+M_15!E52 -> 1 | V13: =+M_16!E52 -> 0 | W13: =+M_17!E52 -> 0 | X13: =+M_18!E52 -> 0 | Y13: =+M_19!E52 -> 0 | Z13: =+M_20!E52 -> 0 | AB13: =+E13-'[3]Mtdo-Ppto RP'!$L18 -> 0
A14: =+A13+0.01 -> 1.02 | B14: =+B13+1 -> 5 | C14: Listón de madera tratada 50 x 19 mm sección, 2,7 m longitud (incluye clavos de fijación) | D14: u | E14: =+SUM(G14:Z14) -> 0 | G14: =+M_01!E53 -> 0 | H14: =+M_02!E53 -> 0 | I14: =+M_03!E53 -> 0 | L14: =+M_06!E53 -> 0 | M14: =+M_07!E53 -> 0 | N14: =+M_08!E53 -> 0 | O14: =+M_09!E53 -> 0 | P14: =+M_10!E53 -> 0 | Q14: =+M_11!E53 -> 0 | S14: =+M_13!E53 -> 0 | U14: =+M_15!E53 -> 0 | V14: =+M_16!E53 -> 0 | W14: =+M_17!E53 -> 0 | X14: =+M_18!E53 -> 0 | Y14: =+M_19!E53 -> 0 | Z14: =+M_20!E53 -> 0 | AB14: =+E14-'[3]Mtdo-Ppto RP'!$L19 -> 0
A15: =+A14+0.01 -> 1.03 | B15: =+B14+1 -> 6 | C15: Cruceta de madera tratada de 90 mm x 115 mm x 2,00 m | D15: u | E15: =+SUM(G15:Z15) -> 2 | G15: =+M_01!E54 -> 0 | H15: =+M_02!E54 -> 0 | I15: =+M_03!E54 -> 0 | L15: =+M_06!E54 -> 0 | M15: =+M_07!E54 -> 1 | N15: =+M_08!E54 -> 1 | O15: =+M_09!E54 -> 0 | P15: =+M_10!E54 -> 0 | Q15: =+M_11!E54 -> 0 | S15: =+M_13!E54 -> 0 | U15: =+M_15!E54 -> 0 | V15: =+M_16!E54 -> 0 | W15: =+M_17!E54 -> 0 | X15: =+M_18!E54 -> 0 | Y15: =+M_19!E54 -> 0 | Z15: =+M_20!E54 -> 0 | AB15: =+E15-'[3]Mtdo-Ppto RP'!$L20 -> 0
A16: =+A15+0.01 -> 1.04 | B16: =+B15+1 -> 7 | C16: Cruceta de madera tratada de 90 mm x 115 mm x 2,40 m | D16: u | E16: =+SUM(G16:Z16) -> 3 | G16: =+M_01!E55 -> 0 | H16: =+M_02!E55 -> 0 | I16: =+M_03!E55 -> 0 | L16: =+M_06!E55 -> 0 | M16: =+M_07!E55 -> 2 | N16: =+M_08!E55 -> 1 | O16: =+M_09!E55 -> 0 | P16: =+M_10!E55 -> 0 | Q16: =+M_11!E55 -> 0 | S16: =+M_13!E55 -> 0 | U16: =+M_15!E55 -> 0 | V16: =+M_16!E55 -> 0 | W16: =+M_17!E55 -> 0 | X16: =+M_18!E55 -> 0 | Y16: =+M_19!E55 -> 0 | Z16: =+M_20!E55 -> 0 | AB16: =+E16-'[3]Mtdo-Ppto RP'!$L21 -> 0
B17: =+B16+1 -> 8 | G17: =+M_01!E56 -> 0 | H17: =+M_02!E56 -> 0 | I17: =+M_03!E56 -> 0 | L17: =+M_06!E56 -> 0 | M17: =+M_07!E56 -> 0 | N17: =+M_08!E56 -> 0 | O17: =+M_09!E56 -> 0 | P17: =+M_10!E56 -> 0 | Q17: =+M_11!E56 -> 0 | S17: =+M_13!E56 -> 0 | U17: =+M_15!E56 -> 0 | V17: =+M_16!E56 -> 0 | W17: =+M_17!E56 -> 0 | X17: =+M_18!E56 -> 0 | Y17: =+M_19!E56 -> 0 | Z17: =+M_20!E56 -> 0 | AB17: =+E17-'[3]Mtdo-Ppto RP'!$L22 -> #REF!
A18: =1+A12 -> 2 | B18: =+B17+1 -> 9 | C18: POSTES DE CONCRETO ARMADO CENTRIFUGADO | G18: =+M_01!E57 -> 0 | H18: =+M_02!E57 -> 0 | I18: =+M_03!E57 -> 0 | L18: =+M_06!E57 -> 0 | M18: =+M_07!E57 -> 0 | N18: =+M_08!E57 -> 0 | O18: =+M_09!E57 -> 0 | P18: =+M_10!E57 -> 0 | Q18: =+M_11!E57 -> 0 | S18: =+M_13!E57 -> 0 | U18: =+M_15!E57 -> 0 | V18: =+M_16!E57 -> 0 | W18: =+M_17!E57 -> 0 | X18: =+M_18!E57 -> 0 | Y18: =+M_19!E57 -> 0 | Z18: =+M_20!E57 -> 0 | AB18: =+E18-'[3]Mtdo-Ppto RP'!$L23 -> #REF!
A19: =+A18+0.01 -> 2.01 | B19: =+B18+1 -> 10 | C19: Poste de C.A.C. de 12 m/200 daN (Incluye perilla) | D19: u | E19: =+SUM(G19:Z19) -> 1 | G19: =+M_01!E58 -> 0 | H19: =+M_02!E58 -> 0 | I19: =+M_03!E58 -> 0 | L19: =+M_06!E58 -> 0 | M19: =+M_07!E58 -> 1 | N19: =+M_08!E58 -> 0 | O19: =+M_09!E58 -> 0 | P19: =+M_10!E58 -> 0 | Q19: =+M_11!E58 -> 0 | S19: =+M_13!E58 -> 0 | U19: =+M_15!E58 -> 0 | V19: =+M_16!E58 -> 0 | W19: =+M_17!E58 -> 0 | X19: =+M_18!E58 -> 0 | Y19: =+M_19!E58 -> 0 | Z19: =+M_20!E58 -> 0 | AB19: =+E19-'[3]Mtdo-Ppto RP'!$L24 -> 0
A20: =+A19+0.01 -> 2.02 | B20: =+B19+1 -> 11 | C20: Poste de C.A.C. de 12 m/300 daN (Incluye perilla) | D20: u | E20: =+SUM(G20:Z20) -> 13 | G20: =+M_01!E59 -> 3 | H20: =+M_02!E59 -> 6 | I20: =+M_03!E59 -> 0 | L20: =+M_06!E59 -> 0 | M20: =+M_07!E59 -> 1 | N20: =+M_08!E59 -> 1 | O20: =+M_09!E59 -> 0 | P20: =+M_10!E59 -> 0 | Q20: =+M_11!E59 -> 0 | S20: =+M_13!E59 -> 2 | U20: =+M_15!E59 -> 0 | V20: =+M_16!E59 -> 0 | W20: =+M_17!E59 -> 0 | X20: =+M_18!E59 -> 0 | Y20: =+M_19!E59 -> 0 | Z20: =+M_20!E59 -> 0 | AB20: =+E20-'[3]Mtdo-Ppto RP'!$L25 -> 0
A21: =+A20+0.01 -> 2.03 | B21: =+B20+1 -> 12 | C21: Poste de C.A.C. de 13 m/300 daN (Incluye perilla) | D21: u | E21: =+SUM(G21:Z21) -> 11 | G21: =+M_01!E60 -> 0 | H21: =+M_02!E60 -> 0 | I21: =+M_03!E60 -> 0 | L21: =+M_06!E60 -> 0 | M21: =+M_07!E60 -> 0 | N21: =+M_08!E60 -> 0 | O21: =+M_09!E60 -> 0 | P21: =+M_10!E60 -> 0 | Q21: =+M_11!E60 -> 0 | S21: =+M_13!E60 -> 0 | U21: =+M_15!E60 -> 0 | V21: =+M_16!E60 -> 0 | W21: =+M_17!E60 -> 0 | X21: =+M_18!E60 -> 8 | Y21: =+M_19!E60 -> 0 | Z21: =+M_20!E60 -> 3 | AB21: =+E21-'[3]Mtdo-Ppto RP'!$L26 -> 0
A22: =+A21+0.01 -> 2.04 | B22: =+B21+1 -> 13 | C22: Poste de C.A.C. de 13 m/400 daN (Incluye perilla) | D22: u | E22: =+SUM(G22:Z22) -> 14 | G22: =+M_01!E61 -> 0 | H22: =+M_02!E61 -> 0 | I22: =+M_03!E61 -> 0 | L22: =+M_06!E61 -> 0 | M22: =+M_07!E61 -> 0 | N22: =+M_08!E61 -> 0 | O22: =+M_09!E61 -> 0 | P22: =+M_10!E61 -> 0 | Q22: =+M_11!E61 -> 0 | S22: =+M_13!E61 -> 0 | U22: =+M_15!E61 -> 0 | V22: =+M_16!E61 -> 3 | W22: =+M_17!E61 -> 2 | X22: =+M_18!E61 -> 5 | Y22: =+M_19!E61 -> 1 | Z22: =+M_20!E61 -> 3 | AB22: =+E22-'[3]Mtdo-Ppto RP'!$L27 -> 0
B23: =+B22+1 -> 14 | G23: =+M_01!E62 -> 0 | H23: =+M_02!E62 -> 0 | I23: =+M_03!E62 -> 0 | L23: =+M_06!E62 -> 0 | M23: =+M_07!E62 -> 0 | N23: =+M_08!E62 -> 0 | O23: =+M_09!E62 -> 0 | P23: =+M_10!E62 -> 0 | Q23: =+M_11!E62 -> 0 | S23: =+M_13!E62 -> 0 | U23: =+M_15!E62 -> 0 | V23: =+M_16!E62 -> 0 | W23: =+M_17!E62 -> 0 | X23: =+M_18!E62 -> 0 | Y23: =+M_19!E62 -> 0 | Z23: =+M_20!E62 -> 0 | AB23: =+E23-'[3]Mtdo-Ppto RP'!$L28 -> #REF!
A24: 3 | B24: =+B23+1 -> 15 | C24: POSTES DE MADERA IMPORTADA | G24: =+M_01!E63 -> 0 | H24: =+M_02!E63 -> 0 | I24: =+M_03!E63 -> 0 | L24: =+M_06!E63 -> 0 | M24: =+M_07!E63 -> 0 | N24: =+M_08!E63 -> 0 | O24: =+M_09!E63 -> 0 | P24: =+M_10!E63 -> 0 | Q24: =+M_11!E63 -> 0 | S24: =+M_13!E63 -> 0 | U24: =+M_15!E63 -> 0 | V24: =+M_16!E63 -> 0 | W24: =+M_17!E63 -> 0 | X24: =+M_18!E63 -> 0 | Y24: =+M_19!E63 -> 0 | Z24: =+M_20!E63 -> 0 | AB24: =+E24-'[3]Mtdo-Ppto RP'!$L29 -> #REF!
A25: =+A24+0.01 -> 3.01 | B25: =+B24+1 -> 16 | C25: Poste de madera importada (Pino Amarillo del Sur) de 12 m, Clase 5 | D25: u | E25: =+SUM(G25:Z25) -> 0 | G25: =+M_01!E64 -> 0 | H25: =+M_02!E64 -> 0 | I25: =+M_03!E64 -> 0 | L25: =+M_06!E64 -> 0 | M25: =+M_07!E64 -> 0 | N25: =+M_08!E64 -> 0 | O25: =+M_09!E64 -> 0 | P25: =+M_10!E64 -> 0 | Q25: =+M_11!E64 -> 0 | S25: =+M_13!E64 -> 0 | U25: =+M_15!E64 -> 0 | V25: =+M_16!E64 -> 0 | W25: =+M_17!E64 -> 0 | X25: =+M_18!E64 -> 0 | Y25: =+M_19!E64 -> 0 | Z25: =+M_20!E64 -> 0 | AB25: =+E25-'[3]Mtdo-Ppto RP'!$L30 -> 0
AB26: =+E26-'[3]Mtdo-Ppto RP'!$L31 -> #REF!
A27: 3.00A | C27: POSTES DE FIBRA DE VIDRIO | AB27: =+E27-'[3]Mtdo-Ppto RP'!$L32 -> #REF!
A28: 3.01A | B28: =+B25+1 -> 17 | C28: Poste de PRFV de 12 m/200 daN | D28: u | E28: =+SUM(G28:Z28) -> 0 | G28: =+M_01!E67 -> 0 | H28: =+M_02!E67 -> 0 | I28: =+M_03!E67 -> 0 | L28: =+M_06!E67 -> 0 | M28: =+M_07!E67 -> 0 | N28: =+M_08!E67 -> 0 | O28: =+M_09!E67 -> 0 | P28: =+M_10!E67 -> 0 | Q28: =+M_11!E67 -> 0 | S28: =+M_13!E67 -> 0 | U28: =+M_15!E67 -> 0 | V28: =+M_16!E67 -> 0 | W28: =+M_17!E67 -> 0 | X28: =+M_18!E67 -> 0 | Y28: =+M_19!E67 -> 0 | Z28: =+M_20!E67 -> 0 | AB28: =+E28-'[3]Mtdo-Ppto RP'!$L33 -> 0
A29: 3.02A | B29: =+B28+1 -> 18 | C29: Poste de PRFV de 12 m/300 daN | D29: u | E29: =+SUM(G29:Z29) -> 5 | G29: =+M_01!E68 -> 0 | H29: =+M_02!E68 -> 0 | I29: =+M_03!E68 -> 1 | L29: =+M_06!E68 -> 1 | M29: =+M_07!E68 -> 0 | N29: =+M_08!E68 -> 0 | O29: =+M_09!E68 -> 0 | P29: =+M_10!E68 -> 1 | Q29: =+M_11!E68 -> 1 | S29: =+M_13!E68 -> 0 | U29: =+M_15!E68 -> 1 | V29: =+M_16!E68 -> 0 | W29: =+M_17!E68 -> 0 | X29: =+M_18!E68 -> 0 | Y29: =+M_19!E68 -> 0 | Z29: =+M_20!E68 -> 0 | AB29: =+E29-'[3]Mtdo-Ppto RP'!$L34 -> 0
B30: =+B29+1 -> 19 | G30: =+M_01!E69 -> 0 | H30: =+M_02!E69 -> 0 | I30: =+M_03!E69 -> 0 | L30: =+M_06!E69 -> 0 | M30: =+M_07!E69 -> 0 | N30: =+M_08!E69 -> 0 | O30: =+M_09!E69 -> 0 | P30: =+M_10!E69 -> 0 | Q30: =+M_11!E69 -> 0 | S30: =+M_13!E69 -> 0 | U30: =+M_15!E69 -> 0 | V30: =+M_16!E69 -> 0 | W30: =+M_17!E69 -> 0 | X30: =+M_18!E69 -> 0 | Y30: =+M_19!E69 -> 0 | Z30: =+M_20!E69 -> 0 | AB30: =+E30-'[3]Mtdo-Ppto RP'!$L35 -> #REF!
A31: =1+A24 -> 4 | B31: =+B30+1 -> 20 | C31: OTROS MATERIALES DE CONCRETO ARMADO | G31: =+M_01!E70 -> 0 | H31: =+M_02!E70 -> 0 | I31: =+M_03!E70 -> 0 | L31: =+M_06!E70 -> 0 | M31: =+M_07!E70 -> 0 | N31: =+M_08!E70 -> 0 | O31: =+M_09!E70 -> 0 | P31: =+M_10!E70 -> 0 | Q31: =+M_11!E70 -> 0 | S31: =+M_13!E70 -> 0 | U31: =+M_15!E70 -> 0 | V31: =+M_16!E70 -> 0 | W31: =+M_17!E70 -> 0 | X31: =+M_18!E70 -> 0 | Y31: =+M_19!E70 -> 0 | Z31: =+M_20!E70 -> 0 | AB31: =+E31-'[3]Mtdo-Ppto RP'!$L36 -> #REF!
A32: =+A31+0.01 -> 4.01 | B32: =+B31+1 -> 21 | C32: Cruceta Asimétrica de C.A.V. Za / 1,5 / 0,9 / 250 / 200 / 100 daN (Za / L / L1/ T / F / V) | D32: u | E32: =+SUM(G32:Z32) -> 5 | G32: =+M_01!E71 -> 0 | H32: =+M_02!E71 -> 0 | I32: =+M_03!E71 -> 0 | L32: =+M_06!E71 -> 0 | M32: =+M_07!E71 -> 0 | N32: =+M_08!E71 -> 0 | O32: =+M_09!E71 -> 0 | P32: =+M_10!E71 -> 0 | Q32: =+M_11!E71 -> 0 | S32: =+M_13!E71 -> 0 | U32: =+M_15!E71 -> 0 | V32: =+M_16!E71 -> 1 | W32: =+M_17!E71 -> 1 | X32: =+M_18!E71 -> 1 | Y32: =+M_19!E71 -> 1 | Z32: =+M_20!E71 -> 1 | AB32: =+E32-'[3]Mtdo-Ppto RP'!$L37 -> 0
A33: =+A32+0.01 -> 4.02 | B33: =+B32+1 -> 22 | C33: Ménsula de C.A.V. M / 1,2 / 250 / 150 / 150 daN (M / L / T / F / V) | D33: u | E33: =+SUM(G33:Z33) -> 60 | G33: =+M_01!E72 -> 0 | H33: =+M_02!E72 -> 0 | I33: =+M_03!E72 -> 0 | L33: =+M_06!E72 -> 0 | M33: =+M_07!E72 -> 0 | N33: =+M_08!E72 -> 0 | O33: =+M_09!E72 -> 0 | P33: =+M_10!E72 -> 0 | Q33: =+M_11!E72 -> 0 | S33: =+M_13!E72 -> 0 | U33: =+M_15!E72 -> 0 | V33: =+M_16!E72 -> 8 | W33: =+M_17!E72 -> 6 | X33: =+M_18!E72 -> 28 | Y33: =+M_19!E72 -> 4 | Z33: =+M_20!E72 -> 14 | AB33: =+E33-'[3]Mtdo-Ppto RP'!$L38 -> 0
A34: =+A33+0.01 -> 4.03 | B34: =+B33+1 -> 23 | C34: Plataforma de Concreto Soporte de Transformador de 2,20 m, carga de trabajo de 500 daN | D34: u | E34: =+SUM(G34:Z34) -> 5 | G34: =+M_01!E73 -> 0 | H34: =+M_02!E73 -> 0 | I34: =+M_03!E73 -> 0 | L34: =+M_06!E73 -> 0 | M34: =+M_07!E73 -> 0 | N34: =+M_08!E73 -> 0 | O34: =+M_09!E73 -> 0 | P34: =+M_10!E73 -> 0 | Q34: =+M_11!E73 -> 0 | S34: =+M_13!E73 -> 0 | U34: =+M_15!E73 -> 0 | V34: =+M_16!E73 -> 1 | W34: =+M_17!E73 -> 1 | X34: =+M_18!E73 -> 1 | Y34: =+M_19!E73 -> 1 | Z34: =+M_20!E73 -> 1 | AB34: =+E34-'[3]Mtdo-Ppto RP'!$L39 -> 0
B35: =+B34+1 -> 24 | G35: =+M_01!E74 -> 0 | H35: =+M_02!E74 -> 0 | I35: =+M_03!E74 -> 0 | L35: =+M_06!E74 -> 0 | M35: =+M_07!E74 -> 0 | N35: =+M_08!E74 -> 0 | O35: =+M_09!E74 -> 0 | P35: =+M_10!E74 -> 0 | Q35: =+M_11!E74 -> 0 | S35: =+M_13!E74 -> 0 | U35: =+M_15!E74 -> 0 | V35: =+M_16!E74 -> 0 | W35: =+M_17!E74 -> 0 | X35: =+M_18!E74 -> 0 | Y35: =+M_19!E74 -> 0 | Z35: =+M_20!E74 -> 0 | AB35: =+E35-'[3]Mtdo-Ppto RP'!$L40 -> #REF!
A36: =1+A31 -> 5 | B36: =+B35+1 -> 25 | C36: AISLADORES Y ACCESORIOS | G36: =+M_01!E75 -> 0 | H36: =+M_02!E75 -> 0 | I36: =+M_03!E75 -> 0 | L36: =+M_06!E75 -> 0 | M36: =+M_07!E75 -> 0 | N36: =+M_08!E75 -> 0 | O36: =+M_09!E75 -> 0 | P36: =+M_10!E75 -> 0 | Q36: =+M_11!E75 -> 0 | S36: =+M_13!E75 -> 0 | U36: =+M_15!E75 -> 0 | V36: =+M_16!E75 -> 0 | W36: =+M_17!E75 -> 0 | X36: =+M_18!E75 -> 0 | Y36: =+M_19!E75 -> 0 | Z36: =+M_20!E75 -> 0 | AB36: =+E36-'[3]Mtdo-Ppto RP'!$L41 -> #REF!
A37: =+A36+0.01 -> 5.01 | B37: =+B36+1 -> 26 | C37: Aislador de Porcelana Tipo Pin, Clase ANSI 56-3 | D37: u | E37: =+SUM(G37:Z37) -> 25 | G37: =+M_01!E76 -> 3 | H37: =+M_02!E76 -> 9 | I37: =+M_03!E76 -> 1 | L37: =+M_06!E76 -> 1 | M37: =+M_07!E76 -> 5 | N37: =+M_08!E76 -> 3 | O37: =+M_09!E76 -> 0 | P37: =+M_10!E76 -> 1 | Q37: =+M_11!E76 -> 0 | S37: =+M_13!E76 -> 1 | U37: =+M_15!E76 -> 1 | V37: =+M_16!E76 -> 0 | W37: =+M_17!E76 -> 0 | X37: =+M_18!E76 -> 0 | Y37: =+M_19!E76 -> 0 | Z37: =+M_20!E76 -> 0 | AB37: =+E37-'[3]Mtdo-Ppto RP'!$L42 -> 1
A38: =+A37+0.01 -> 5.02 | B38: =+B37+1 -> 27 | C38: Espiga de AºGº de 609 mm longitud, para Cabeza de Poste y Aislador ANSI 56-3 | D38: u | E38: =+SUM(G38:Z38) -> 17 | G38: =+M_01!E77 -> 3 | H38: =+M_02!E77 -> 9 | I38: =+M_03!E77 -> 1 | L38: =+M_06!E77 -> 1 | M38: =+M_07!E77 -> 0 | N38: =+M_08!E77 -> 0 | O38: =+M_09!E77 -> 0 | P38: =+M_10!E77 -> 1 | Q38: =+M_11!E77 -> 0 | S38: =+M_13!E77 -> 1 | U38: =+M_15!E77 -> 1 | V38: =+M_16!E77 -> 0 | W38: =+M_17!E77 -> 0 | X38: =+M_18!E77 -> 0 | Y38: =+M_19!E77 -> 0 | Z38: =+M_20!E77 -> 0 | AB38: =+E38-'[3]Mtdo-Ppto RP'!$L43 -> 1
A39: =+A38+0.01 -> 5.03 | B39: =+B38+1 -> 28 | C39: Conjunto Aislador Line Post Polimérico en Cruceta: | E39: =+SUM(G39:Z39) -> 0 | G39: =+M_01!E78 -> 0 | H39: =+M_02!E78 -> 0 | I39: =+M_03!E78 -> 0 | L39: =+M_06!E78 -> 0 | M39: =+M_07!E78 -> 0 | N39: =+M_08!E78 -> 0 | O39: =+M_09!E78 -> 0 | P39: =+M_10!E78 -> 0 | Q39: =+M_11!E78 -> 0 | S39: =+M_13!E78 -> 0 | U39: =+M_15!E78 -> 0 | V39: =+M_16!E78 -> 0 | W39: =+M_17!E78 -> 0 | X39: =+M_18!E78 -> 0 | Y39: =+M_19!E78 -> 0 | Z39: =+M_20!E78 -> 0 | AB39: =+E39-'[3]Mtdo-Ppto RP'!$L45 -> #REF!
A40: 5.03 | B40: =+B39+1 -> 29 | C40: Conjunto Aislador Line Post Polimérico en Cruceta: - Aislador Polimérico de 36 kV, Tipo Line Post con Espárrago de 19 mm Ø, 200 mm longitud (Alternativa a Conjunto Aislador-Espiga en Cruceta) | D40: u | E40: =+SUM(G40:Z40) -> 50 | G40: =+M_01!E79 -> 0 | H40: =+M_02!E79 -> 0 | I40: =+M_03!E79 -> 0 | L40: =+M_06!E79 -> 0 | M40: =+M_07!E79 -> 0 | N40: =+M_08!E79 -> 0 | O40: =+M_09!E79 -> 0 | P40: =+M_10!E79 -> 0 | Q40: =+M_11!E79 -> 0 | S40: =+M_13!E79 -> 0 | U40: =+M_15!E79 -> 0 | V40: =+M_16!E79 -> 6 | W40: =+M_17!E79 -> 4 | X40: =+M_18!E79 -> 26 | Y40: =+M_19!E79 -> 2 | Z40: =+M_20!E79 -> 12 | AB40: =+E40-'[3]Mtdo-Ppto RP'!$L44 -> 0
A41: 5.04 | B41: =+B40+1 -> 30 | C41: Espiga para cruceta, forjada de 381mm LONG. Para aislador Tipo Pin, Clase ANSI 56-3 | D41: u | E41: =+SUM(G41:Z41) -> 8 | G41: =+M_01!E80 -> 0 | H41: =+M_02!E80 -> 0 | I41: =+M_03!E80 -> 0 | L41: =+M_06!E80 -> 0 | M41: =+M_07!E80 -> 5 | N41: =+M_08!E80 -> 3 | O41: =+M_09!E80 -> 0 | P41: =+M_10!E80 -> 0 | Q41: =+M_11!E80 -> 0 | S41: =+M_13!E80 -> 0 | U41: =+M_15!E80 -> 0 | V41: =+M_16!E80 -> 0 | W41: =+M_17!E80 -> 0 | X41: =+M_18!E80 -> 0 | Y41: =+M_19!E80 -> 0 | Z41: =+M_20!E80 -> 0 | AB41: =+E41-'[3]Mtdo-Ppto RP'!$L46 -> 0
B42: =+B41+1 -> 31 | G42: =+M_01!E81 -> 0 | H42: =+M_02!E81 -> 0 | I42: =+M_03!E81 -> 0 | L42: =+M_06!E81 -> 0 | M42: =+M_07!E81 -> 0 | N42: =+M_08!E81 -> 0 | O42: =+M_09!E81 -> 0 | P42: =+M_10!E81 -> 0 | Q42: =+M_11!E81 -> 0 | S42: =+M_13!E81 -> 0 | U42: =+M_15!E81 -> 0 | V42: =+M_16!E81 -> 0 | W42: =+M_17!E81 -> 0 | X42: =+M_18!E81 -> 0 | Y42: =+M_19!E81 -> 0 | Z42: =+M_20!E81 -> 0 | AB42: =+E42-'[3]Mtdo-Ppto RP'!$L47 -> #REF!
A43: =1+A36 -> 6 | B43: =+B42+1 -> 32 | C43: AISLADORES DE SUSPENSIÓN Y ACCESORIOS | G43: =+M_01!E82 -> 0 | H43: =+M_02!E82 -> 0 | I43: =+M_03!E82 -> 0 | L43: =+M_06!E82 -> 0 | M43: =+M_07!E82 -> 0 | N43: =+M_08!E82 -> 0 | O43: =+M_09!E82 -> 0 | P43: =+M_10!E82 -> 0 | Q43: =+M_11!E82 -> 0 | S43: =+M_13!E82 -> 0 | U43: =+M_15!E82 -> 0 | V43: =+M_16!E82 -> 0 | W43: =+M_17!E82 -> 0 | X43: =+M_18!E82 -> 0 | Y43: =+M_19!E82 -> 0 | Z43: =+M_20!E82 -> 0 | AB43: =+E43-'[3]Mtdo-Ppto RP'!$L47 -> #REF!
A44: =+A43+0.01 -> 6.01 | B44: =+B43+1 -> 33 | C44: Grillete Recto | D44: u | E44: =+SUM(G44:Z44) -> 23 | G44: =+M_01!E83 -> 2 | H44: =+M_02!E83 -> 2 | I44: =+M_03!E83 -> 0 | L44: =+M_06!E83 -> 0 | M44: =+M_07!E83 -> 0 | N44: =+M_08!E83 -> 0 | O44: =+M_09!E83 -> 0 | P44: =+M_10!E83 -> 0 | Q44: =+M_11!E83 -> 1 | S44: =+M_13!E83 -> 2 | U44: =+M_15!E83 -> 0 | V44: =+M_16!E83 -> 4 | W44: =+M_17!E83 -> 0 | X44: =+M_18!E83 -> 8 | Y44: =+M_19!E83 -> 0 | Z44: =+M_20!E83 -> 4 | AB44: =+E44-'[3]Mtdo-Ppto RP'!$L49 -> 0
A45: =+A44+0.01 -> 6.02 | B45: =+B44+1 -> 34 | C45: Aislador Polimerico con Conexión Horquilla (Estructura) y Lengüeta (Linea) de 36 kV, según Especificacion Técnica. | D45: u | E45: =+SUM(G45:Z45) -> 23 | G45: =+M_01!E84 -> 2 | H45: =+M_02!E84 -> 2 | I45: =+M_03!E84 -> 0 | L45: =+M_06!E84 -> 0 | M45: =+M_07!E84 -> 0 | N45: =+M_08!E84 -> 0 | O45: =+M_09!E84 -> 0 | P45: =+M_10!E84 -> 0 | Q45: =+M_11!E84 -> 1 | S45: =+M_13!E84 -> 2 | U45: =+M_15!E84 -> 0 | V45: =+M_16!E84 -> 4 | W45: =+M_17!E84 -> 0 | X45: =+M_18!E84 -> 8 | Y45: =+M_19!E84 -> 0 | Z45: =+M_20!E84 -> 4 | AB45: =+E45-'[3]Mtdo-Ppto RP'!$L50 -> 0
B46: =+B45+1 -> 35 | G46: =+M_01!E85 -> 0 | H46: =+M_02!E85 -> 0 | I46: =+M_03!E85 -> 0 | L46: =+M_06!E85 -> 0 | M46: =+M_07!E85 -> 0 | N46: =+M_08!E85 -> 0 | O46: =+M_09!E85 -> 0 | P46: =+M_10!E85 -> 0 | Q46: =+M_11!E85 -> 0 | S46: =+M_13!E85 -> 0 | U46: =+M_15!E85 -> 0 | V46: =+M_16!E85 -> 0 | W46: =+M_17!E85 -> 0 | X46: =+M_18!E85 -> 0 | Y46: =+M_19!E85 -> 0 | Z46: =+M_20!E85 -> 0 | AB46: =+E46-'[3]Mtdo-Ppto RP'!$L51 -> #REF!
A47: =1+A43 -> 7 | B47: =+B46+1 -> 36 | C47: CONDUCTOR DE ALEACIÓN DE ALUMINIO | G47: =+M_01!E86 -> 0 | H47: =+M_02!E86 -> 0 | I47: =+M_03!E86 -> 0 | L47: =+M_06!E86 -> 0 | M47: =+M_07!E86 -> 0 | N47: =+M_08!E86 -> 0 | O47: =+M_09!E86 -> 0 | P47: =+M_10!E86 -> 0 | Q47: =+M_11!E86 -> 0 | S47: =+M_13!E86 -> 0 | U47: =+M_15!E86 -> 0 | V47: =+M_16!E86 -> 0 | W47: =+M_17!E86 -> 0 | X47: =+M_18!E86 -> 0 | Y47: =+M_19!E86 -> 0 | Z47: =+M_20!E86 -> 0 | AB47: =+E47-'[3]Mtdo-Ppto RP'!$L52 -> #REF!
A48: =+A47+0.01 -> 7.01 | B48: =+B47+1 -> 37 | C48: Conductor de Aleacion de Aluminio de 35 mm² | D48: km | E48: =+SUM(G48:Z48) -> 3.9891798 | G48: =+M_01!E87 -> 0.1007055 | H48: =+M_02!E87 -> 0.330993 | I48: =+M_03!E87 -> 0.025047 | L48: =+M_06!E87 -> 0.031671 | M48: =+M_07!E87 -> 0.083835 | N48: =+M_08!E87 -> 0.088389 | O48: =+M_09!E87 -> 0 | P48: =+M_10!E87 -> 0.0356247 | Q48: =+M_11!E87 -> 0.0434079 | S48: =+M_13!E87 -> 0.042435 | U48: =+M_15!E87 -> 0.0244467 | V48: =+M_16!E87 -> 0.258336 | W48: =+M_17!E87 -> 0.12834 | X48: =+M_18!E87 -> 1.948698 | Y48: =+M_19!E87 -> 0.052371 | Z48: =+M_20!E87 -> 0.79488 | AB48: =+E48-'[3]Mtdo-Ppto RP'!$L53 -> -0.0008202
B49: =+B48+1 -> 38 | G49: =+M_01!E88 -> 0 | H49: =+M_02!E88 -> 0 | I49: =+M_03!E88 -> 0 | L49: =+M_06!E88 -> 0 | M49: =+M_07!E88 -> 0 | N49: =+M_08!E88 -> 0 | O49: =+M_09!E88 -> 0 | P49: =+M_10!E88 -> 0 | Q49: =+M_11!E88 -> 0 | S49: =+M_13!E88 -> 0 | U49: =+M_15!E88 -> 0 | V49: =+M_16!E88 -> 0 | W49: =+M_17!E88 -> 0 | X49: =+M_18!E88 -> 0 | Y49: =+M_19!E88 -> 0 | Z49: =+M_20!E88 -> 0 | AB49: =+E49-'[3]Mtdo-Ppto RP'!$L54 -> #REF!
A50: =A47+1 -> 8 | B50: =+B49+1 -> 39 | C50: ACCESORIOS PARA CONDUCTOR DE ALEACION ALUMINIO | G50: =+M_01!E89 -> 0 | H50: =+M_02!E89 -> 0 | I50: =+M_03!E89 -> 0 | L50: =+M_06!E89 -> 0 | M50: =+M_07!E89 -> 0 | N50: =+M_08!E89 -> 0 | O50: =+M_09!E89 -> 0 | P50: =+M_10!E89 -> 0 | Q50: =+M_11!E89 -> 0 | S50: =+M_13!E89 -> 0 | U50: =+M_15!E89 -> 0 | V50: =+M_16!E89 -> 0 | W50: =+M_17!E89 -> 0 | X50: =+M_18!E89 -> 0 | Y50: =+M_19!E89 -> 0 | Z50: =+M_20!E89 -> 0 | AB50: =+E50-'[3]Mtdo-Ppto RP'!$L55 -> #REF!
A51: =+A50+0.01 -> 8.01 | B51: =+B50+1 -> 40 | C51: Varilla de Armar preformada Simple para Conductor de 35 mm² | D51: u | E51: =+SUM(G51:Z51) -> 47 | G51: =+M_01!E90 -> 1 | H51: =+M_02!E90 -> 1 | I51: =+M_03!E90 -> 1 | L51: =+M_06!E90 -> 1 | M51: =+M_07!E90 -> 4 | N51: =+M_08!E90 -> 2 | O51: =+M_09!E90 -> 0 | P51: =+M_10!E90 -> 1 | Q51: =+M_11!E90 -> 0 | S51: =+M_13!E90 -> 1 | U51: =+M_15!E90 -> 1 | V51: =+M_16!E90 -> 2 | W51: =+M_17!E90 -> 4 | X51: =+M_18!E90 -> 18 | Y51: =+M_19!E90 -> 2 | Z51: =+M_20!E90 -> 8 | AB51: =+E51-'[3]Mtdo-Ppto RP'!$L56 -> 1
A52: =+A51+0.01 -> 8.02 | B52: =+B51+1 -> 41 | C52: Grapa de Doble Via de Aluminio para Conductor de 35 mm² | D52: u | E52: =+SUM(G52:Z52) -> 40 | G52: =+M_01!E91 -> 2 | H52: =+M_02!E91 -> 2 | I52: =+M_03!E91 -> 2 | L52: =+M_06!E91 -> 2 | M52: =+M_07!E91 -> 4 | N52: =+M_08!E91 -> 4 | O52: =+M_09!E91 -> 0 | P52: =+M_10!E91 -> 2 | Q52: =+M_11!E91 -> 0 | S52: =+M_13!E91 -> 0 | U52: =+M_15!E91 -> 2 | V52: =+M_16!E91 -> 4 | W52: =+M_17!E91 -> 4 | X52: =+M_18!E91 -> 4 | Y52: =+M_19!E91 -> 4 | Z52: =+M_20!E91 -> 4 | AB52: =+E52-'[3]Mtdo-Ppto RP'!$L57 -> 0
A53: =+A52+0.01 -> 8.03 | B53: =+B52+1 -> 42 | C53: Alambre de Amarre Aluminio Recocido de 16 mm² | D53: m | E53: =+SUM(G53:Z53) -> 227.5 | G53: =+M_01!E92 -> 10 | H53: =+M_02!E92 -> 25 | I53: =+M_03!E92 -> 5 | L53: =+M_06!E92 -> 5 | M53: =+M_07!E92 -> 15 | N53: =+M_08!E92 -> 10 | O53: =+M_09!E92 -> 0 | P53: =+M_10!E92 -> 5 | Q53: =+M_11!E92 -> 0 | S53: =+M_13!E92 -> 2.5 | U53: =+M_15!E92 -> 5 | V53: =+M_16!E92 -> 15 | W53: =+M_17!E92 -> 15 | X53: =+M_18!E92 -> 70 | Y53: =+M_19!E92 -> 10 | Z53: =+M_20!E92 -> 35 | AB53: =+E53-'[3]Mtdo-Ppto RP'!$L58 -> 2.5
A54: =+A53+0.01 -> 8.04 | B54: =+B53+1 -> 43 | C54: Grapa de Anclaje para Conductor de 35 mm² | D54: u | E54: =+SUM(G54:Z54) -> 22 | G54: =+M_01!E93 -> 2 | H54: =+M_02!E93 -> 2 | I54: =+M_03!E93 -> 0 | L54: =+M_06!E93 -> 0 | M54: =+M_07!E93 -> 0 | N54: =+M_08!E93 -> 0 | O54: =+M_09!E93 -> 0 | P54: =+M_10!E93 -> 0 | Q54: =+M_11!E93 -> 1 | S54: =+M_13!E93 -> 1 | U54: =+M_15!E93 -> 0 | V54: =+M_16!E93 -> 4 | W54: =+M_17!E93 -> 0 | X54: =+M_18!E93 -> 8 | Y54: =+M_19!E93 -> 0 | Z54: =+M_20!E93 -> 4 | AB54: =+E54-'[3]Mtdo-Ppto RP'!$L59 -> 0
A55: =+A54+0.01 -> 8.05 | B55: =+B54+1 -> 44 | C55: Varilla de Armar preformada Doble para Conductor de 35 mm² | D55: u | E55: =+SUM(G55:Z55) -> 3 | G55: =+M_01!E94 -> 0 | H55: =+M_02!E94 -> 3 | I55: =+M_03!E94 -> 0 | L55: =+M_06!E94 -> 0 | M55: =+M_07!E94 -> 0 | N55: =+M_08!E94 -> 0 | O55: =+M_09!E94 -> 0 | P55: =+M_10!E94 -> 0 | Q55: =+M_11!E94 -> 0 | S55: =+M_13!E94 -> 0 | U55: =+M_15!E94 -> 0 | V55: =+M_16!E94 -> 0 | W55: =+M_17!E94 -> 0 | X55: =+M_18!E94 -> 0 | Y55: =+M_19!E94 -> 0 | Z55: =+M_20!E94 -> 0 | AB55: =+E55-'[3]Mtdo-Ppto RP'!$L60 -> 0
A56: =+A55+0.01 -> 8.06 | B56: =+B55+1 -> 45 | C56: Cinta plana de armar de aluminio | D56: m | E56: =+SUM(G56:Z56) -> 13.8 | G56: =+M_01!E95 -> 1.2 | H56: =+M_02!E95 -> 1.2 | I56: =+M_03!E95 -> 0 | L56: =+M_06!E95 -> 0 | M56: =+M_07!E95 -> 0 | N56: =+M_08!E95 -> 0 | O56: =+M_09!E95 -> 0 | P56: =+M_10!E95 -> 0 | Q56: =+M_11!E95 -> 0.6 | S56: =+M_13!E95 -> 1.2 | U56: =+M_15!E95 -> 0 | V56: =+M_16!E95 -> 2.4 | W56: =+M_17!E95 -> 0 | X56: =+M_18!E95 -> 4.8 | Y56: =+M_19!E95 -> 0 | Z56: =+M_20!E95 -> 2.4 | AB56: =+E56-'[3]Mtdo-Ppto RP'!$L61 -> 0
B57: =+B56+1 -> 46 | G57: =+M_01!E96 -> 0 | H57: =+M_02!E96 -> 0 | I57: =+M_03!E96 -> 0 | L57: =+M_06!E96 -> 0 | M57: =+M_07!E96 -> 0 | N57: =+M_08!E96 -> 0 | O57: =+M_09!E96 -> 0 | P57: =+M_10!E96 -> 0 | Q57: =+M_11!E96 -> 0 | S57: =+M_13!E96 -> 0 | U57: =+M_15!E96 -> 0 | V57: =+M_16!E96 -> 0 | W57: =+M_17!E96 -> 0 | X57: =+M_18!E96 -> 0 | Y57: =+M_19!E96 -> 0 | Z57: =+M_20!E96 -> 0 | AB57: =+E57-'[3]Mtdo-Ppto RP'!$L62 -> #REF!
A58: =1+A50 -> 9 | B58: =+B57+1 -> 47 | C58: CONDUCTOR DE COBRE | G58: =+M_01!E97 -> 0 | H58: =+M_02!E97 -> 0 | I58: =+M_03!E97 -> 0 | L58: =+M_06!E97 -> 0 | M58: =+M_07!E97 -> 0 | N58: =+M_08!E97 -> 0 | O58: =+M_09!E97 -> 0 | P58: =+M_10!E97 -> 0 | Q58: =+M_11!E97 -> 0 | S58: =+M_13!E97 -> 0 | U58: =+M_15!E97 -> 0 | V58: =+M_16!E97 -> 0 | W58: =+M_17!E97 -> 0 | X58: =+M_18!E97 -> 0 | Y58: =+M_19!E97 -> 0 | Z58: =+M_20!E97 -> 0 | AB58: =+E58-'[3]Mtdo-Ppto RP'!$L63 -> #REF!
A59: =A58+0.01 -> 9.01 | B59: =+B58+1 -> 48 | C59: Cable de Acero con Recubrimiento Metalúrgico de Cu de 4 AWG (21,15 mm²), para Puesta a Tierra | D59: m | E59: =+SUM(G59:Z59) -> 431.5 | G59: =+M_01!E98 -> 23 | H59: =+M_02!E98 -> 23 | I59: =+M_03!E98 -> 23 | L59: =+M_06!E98 -> 23 | M59: =+M_07!E98 -> 30.6 | N59: =+M_08!E98 -> 28.4 | O59: =+M_09!E98 -> 0 | P59: =+M_10!E98 -> 23 | Q59: =+M_11!E98 -> 23 | S59: =+M_13!E98 -> 24 | U59: =+M_15!E98 -> 23 | V59: =+M_16!E98 -> 32.5 | W59: =+M_17!E98 -> 30 | X59: =+M_18!E98 -> 57.5 | Y59: =+M_19!E98 -> 27.5 | Z59: =+M_20!E98 -> 40 | AB59: =+E59-'[3]Mtdo-Ppto RP'!$L64 -> 0
B60: =+B59+1 -> 49 | G60: =+M_01!E99 -> 0 | H60: =+M_02!E99 -> 0 | I60: =+M_03!E99 -> 0 | L60: =+M_06!E99 -> 0 | M60: =+M_07!E99 -> 0 | N60: =+M_08!E99 -> 0 | O60: =+M_09!E99 -> 0 | P60: =+M_10!E99 -> 0 | Q60: =+M_11!E99 -> 0 | S60: =+M_13!E99 -> 0 | U60: =+M_15!E99 -> 0 | V60: =+M_16!E99 -> 0 | W60: =+M_17!E99 -> 0 | X60: =+M_18!E99 -> 0 | Y60: =+M_19!E99 -> 0 | Z60: =+M_20!E99 -> 0 | AB60: =+E60-'[3]Mtdo-Ppto RP'!$L65 -> #REF!
A61: =1+A58 -> 10 | B61: =+B60+1 -> 50 | C61: MATERIAL DE FERRETERIA PARA POSTES Y CRUCETAS | G61: =+M_01!E100 -> 0 | H61: =+M_02!E100 -> 0 | I61: =+M_03!E100 -> 0 | L61: =+M_06!E100 -> 0 | M61: =+M_07!E100 -> 0 | N61: =+M_08!E100 -> 0 | O61: =+M_09!E100 -> 0 | P61: =+M_10!E100 -> 0 | Q61: =+M_11!E100 -> 0 | S61: =+M_13!E100 -> 0 | U61: =+M_15!E100 -> 0 | V61: =+M_16!E100 -> 0 | W61: =+M_17!E100 -> 0 | X61: =+M_18!E100 -> 0 | Y61: =+M_19!E100 -> 0 | Z61: =+M_20!E100 -> 0 | AB61: =+E61-'[3]Mtdo-Ppto RP'!$L66 -> #REF!
A62: =+A61+0.01 -> 10.01 | B62: =+B61+1 -> 51 | C62: Perno Cabeza Coche de AºGº de 13 mm Ø x 152 mm longitud, 76 mm maquinado, con Arandela, Tuerca y Contratuerca | D62: u | E62: =+SUM(G62:Z62) -> 20 | G62: =+M_01!E101 -> 1 | H62: =+M_02!E101 -> 1 | I62: =+M_03!E101 -> 1 | L62: =+M_06!E101 -> 1 | M62: =+M_07!E101 -> 7 | N62: =+M_08!E101 -> 5 | O62: =+M_09!E101 -> 0 | P62: =+M_10!E101 -> 1 | Q62: =+M_11!E101 -> 1 | S62: =+M_13!E101 -> 1 | U62: =+M_15!E101 -> 1 | V62: =+M_16!E101 -> 0 | W62: =+M_17!E101 -> 0 | X62: =+M_18!E101 -> 0 | Y62: =+M_19!E101 -> 0 | Z62: =+M_20!E101 -> 0 | AB62: =+E62-'[3]Mtdo-Ppto RP'!$L67 -> 0
A63: =+A62+0.01 -> 10.02 | B63: =+B62+1 -> 52 | C63: Perno de A°G° de 13 mm Ø x 305 mm, provisto de Tuerca y Contratuerca | D63: u | E63: =+SUM(G63:Z63) -> 15 | G63: =+M_01!E102 -> 1 | H63: =+M_02!E102 -> 1 | I63: =+M_03!E102 -> 1 | L63: =+M_06!E102 -> 1 | M63: =+M_07!E102 -> 4 | N63: =+M_08!E102 -> 3 | O63: =+M_09!E102 -> 0 | P63: =+M_10!E102 -> 1 | Q63: =+M_11!E102 -> 1 | S63: =+M_13!E102 -> 1 | U63: =+M_15!E102 -> 1 | V63: =+M_16!E102 -> 0 | W63: =+M_17!E102 -> 0 | X63: =+M_18!E102 -> 0 | Y63: =+M_19!E102 -> 0 | Z63: =+M_20!E102 -> 0 | AB63: =+E63-'[3]Mtdo-Ppto RP'!$L68 -> 0
A64: =+A63+0.01 -> 10.03 | B64: =+B63+1 -> 53 | C64: Perno de A°G° de 16 mm Ø x 254 mm, provisto de Tuerca y Contratuerca | D64: u | E64: =+SUM(G64:Z64) -> 25 | G64: =+M_01!E103 -> 6 | H64: =+M_02!E103 -> 9 | I64: =+M_03!E103 -> 2 | L64: =+M_06!E103 -> 2 | M64: =+M_07!E103 -> 0 | N64: =+M_08!E103 -> 0 | O64: =+M_09!E103 -> 0 | P64: =+M_10!E103 -> 2 | Q64: =+M_11!E103 -> 0 | S64: =+M_13!E103 -> 2 | U64: =+M_15!E103 -> 2 | V64: =+M_16!E103 -> 0 | W64: =+M_17!E103 -> 0 | X64: =+M_18!E103 -> 0 | Y64: =+M_19!E103 -> 0 | Z64: =+M_20!E103 -> 0 | AB64: =+E64-'[3]Mtdo-Ppto RP'!$L69 -> 2
A65: =+A64+0.01 -> 10.04 | B65: =+B64+1 -> 54 | C65: Perno de A°G° de 16 mm Ø x 305 mm, provisto de Tuerca y Contratuerca | D65: u | E65: =+SUM(G65:Z65) -> 30 | G65: =+M_01!E104 -> 2 | H65: =+M_02!E104 -> 2 | I65: =+M_03!E104 -> 2 | L65: =+M_06!E104 -> 2 | M65: =+M_07!E104 -> 2 | N65: =+M_08!E104 -> 2 | O65: =+M_09!E104 -> 0 | P65: =+M_10!E104 -> 2 | Q65: =+M_11!E104 -> 2 | S65: =+M_13!E104 -> 2 | U65: =+M_15!E104 -> 2 | V65: =+M_16!E104 -> 2 | W65: =+M_17!E104 -> 2 | X65: =+M_18!E104 -> 2 | Y65: =+M_19!E104 -> 2 | Z65: =+M_20!E104 -> 2 | AB65: =+E65-'[3]Mtdo-Ppto RP'!$L70 -> 0
A66: =+A65+0.01 -> 10.05 | B66: =+B65+1 -> 55 | C66: Perno de A°G° de 16 mm Ø x 356 mm, provisto de Tuerca y Contratuerca | D66: u | E66: =+SUM(G66:Z66) -> 15 | G66: =+M_01!E105 -> 1 | H66: =+M_02!E105 -> 1 | I66: =+M_03!E105 -> 1 | L66: =+M_06!E105 -> 1 | M66: =+M_07!E105 -> 4 | N66: =+M_08!E105 -> 3 | O66: =+M_09!E105 -> 0 | P66: =+M_10!E105 -> 1 | Q66: =+M_11!E105 -> 1 | S66: =+M_13!E105 -> 1 | U66: =+M_15!E105 -> 1 | V66: =+M_16!E105 -> 0 | W66: =+M_17!E105 -> 0 | X66: =+M_18!E105 -> 0 | Y66: =+M_19!E105 -> 0 | Z66: =+M_20!E105 -> 0 | AB66: =+E66-'[3]Mtdo-Ppto RP'!$L71 -> 0
A67: =+A66+0.01 -> 10.06 | B67: =+B66+1 -> 56 | C67: Perno Ojo de A°G° de 16 mm Ø x 254 mm, provisto de Tuerca y Contratuerca | D67: u | E67: =+SUM(G67:Z67) -> 7 | G67: =+M_01!E106 -> 2 | H67: =+M_02!E106 -> 2 | I67: =+M_03!E106 -> 0 | L67: =+M_06!E106 -> 0 | M67: =+M_07!E106 -> 0 | N67: =+M_08!E106 -> 0 | O67: =+M_09!E106 -> 0 | P67: =+M_10!E106 -> 0 | Q67: =+M_11!E106 -> 1 | S67: =+M_13!E106 -> 2 | U67: =+M_15!E106 -> 0 | V67: =+M_16!E106 -> 0 | W67: =+M_17!E106 -> 0 | X67: =+M_18!E106 -> 0 | Y67: =+M_19!E106 -> 0 | Z67: =+M_20!E106 -> 0 | AB67: =+E67-'[3]Mtdo-Ppto RP'!$L72 -> 0
A68: =+A67+0.01 -> 10.07 | B68: =+B67+1 -> 57 | C68: Perno Doble Armado de A°G° de 16 mm Ø x 508 mm, provisto de 4 Tuercas y 4 Contratuercas | D68: u | E68: =+SUM(G68:Z68) -> 60 | G68: =+M_01!E107 -> 0 | H68: =+M_02!E107 -> 0 | I68: =+M_03!E107 -> 0 | L68: =+M_06!E107 -> 0 | M68: =+M_07!E107 -> 0 | N68: =+M_08!E107 -> 0 | O68: =+M_09!E107 -> 0 | P68: =+M_10!E107 -> 0 | Q68: =+M_11!E107 -> 0 | S68: =+M_13!E107 -> 0 | U68: =+M_15!E107 -> 0 | V68: =+M_16!E107 -> 8 | W68: =+M_17!E107 -> 6 | X68: =+M_18!E107 -> 28 | Y68: =+M_19!E107 -> 4 | Z68: =+M_20!E107 -> 14 | AB68: =+E68-'[3]Mtdo-Ppto RP'!$L73 -> 0
A69: =+A68+0.01 -> 10.08 | B69: =+B68+1 -> 58 | C69: Tirafondo de A°G° de 13 mm ø x 102 mm de longitud | D69: u | E69: =+SUM(G69:Z69) -> 0 | G69: =+M_01!E108 -> 0 | H69: =+M_02!E108 -> 0 | I69: =+M_03!E108 -> 0 | L69: =+M_06!E108 -> 0 | M69: =+M_07!E108 -> 0 | N69: =+M_08!E108 -> 0 | O69: =+M_09!E108 -> 0 | P69: =+M_10!E108 -> 0 | Q69: =+M_11!E108 -> 0 | S69: =+M_13!E108 -> 0 | U69: =+M_15!E108 -> 0 | V69: =+M_16!E108 -> 0 | W69: =+M_17!E108 -> 0 | X69: =+M_18!E108 -> 0 | Y69: =+M_19!E108 -> 0 | Z69: =+M_20!E108 -> 0 | AB69: =+E69-'[3]Mtdo-Ppto RP'!$L74 -> 0
A70: =+A69+0.01 -> 10.09 | B70: =+B69+1 -> 59 | C70: Brazo-Soporte (Riostra) de Perfil Angular de A°G° de 38 x 38 x 5 mm y 710 mm longitud | D70: u | E70: =+SUM(G70:Z70) -> 20 | G70: =+M_01!E109 -> 1 | H70: =+M_02!E109 -> 1 | I70: =+M_03!E109 -> 1 | L70: =+M_06!E109 -> 1 | M70: =+M_07!E109 -> 7 | N70: =+M_08!E109 -> 5 | O70: =+M_09!E109 -> 0 | P70: =+M_10!E109 -> 1 | Q70: =+M_11!E109 -> 1 | S70: =+M_13!E109 -> 1 | U70: =+M_15!E109 -> 1 | V70: =+M_16!E109 -> 0 | W70: =+M_17!E109 -> 0 | X70: =+M_18!E109 -> 0 | Y70: =+M_19!E109 -> 0 | Z70: =+M_20!E109 -> 0 | AB70: =+E70-'[3]Mtdo-Ppto RP'!$L75 -> 0
A71: =+A70+0.01 -> 10.1 | B71: =+B70+1 -> 60 | C71: Arandela Cuadrada Plana de A° G°, 57 x 57 x 5 mm, Agujero de 18 mm Ø | D71: u | E71: =+SUM(G71:Z71) -> 149 | G71: =+M_01!E110 -> 3 | H71: =+M_02!E110 -> 9 | I71: =+M_03!E110 -> 3 | L71: =+M_06!E110 -> 3 | M71: =+M_07!E110 -> 10 | N71: =+M_08!E110 -> 7 | O71: =+M_09!E110 -> 0 | P71: =+M_10!E110 -> 3 | Q71: =+M_11!E110 -> 3 | S71: =+M_13!E110 -> 3 | U71: =+M_15!E110 -> 3 | V71: =+M_16!E110 -> 18 | W71: =+M_17!E110 -> 8 | X71: =+M_18!E110 -> 46 | Y71: =+M_19!E110 -> 6 | Z71: =+M_20!E110 -> 24 | AB71: =+E71-'[3]Mtdo-Ppto RP'!$L76 -> 0
A72: =+A71+0.01 -> 10.11 | B72: =+B71+1 -> 61 | C72: Arandela Cuadrada Curva de A° G°, 57 x 57 x 5 mm, Agujero de 18 mm Ø | D72: u | E72: =+SUM(G72:Z72) -> 212 | G72: =+M_01!E111 -> 14 | H72: =+M_02!E111 -> 20 | I72: =+M_03!E111 -> 6 | L72: =+M_06!E111 -> 6 | M72: =+M_07!E111 -> 10 | N72: =+M_08!E111 -> 8 | O72: =+M_09!E111 -> 0 | P72: =+M_10!E111 -> 6 | Q72: =+M_11!E111 -> 6 | S72: =+M_13!E111 -> 10 | U72: =+M_15!E111 -> 6 | V72: =+M_16!E111 -> 16 | W72: =+M_17!E111 -> 12 | X72: =+M_18!E111 -> 56 | Y72: =+M_19!E111 -> 8 | Z72: =+M_20!E111 -> 28 | AB72: =+E72-'[3]Mtdo-Ppto RP'!$L77 -> 2
A73: =+A72+0.01 -> 10.12 | B73: =+B72+1 -> 62 | C73: Plantillas para Identificación y/o codificación de Postes (Peligro, Identificación y/o codificación y Fases) | D73: Jgo. | E73: =+SUM(G73:Z73) -> 17 | G73: =+M_01!E112 -> 1 | H73: =+M_02!E112 -> 1 | I73: =+M_03!E112 -> 1 | L73: =+M_06!E112 -> 1 | M73: =+M_07!E112 -> 1 | N73: =+M_08!E112 -> 1 | O73: =+M_09!E112 -> 1 | P73: =+M_10!E112 -> 1 | Q73: =+M_11!E112 -> 1 | S73: =+M_13!E112 -> 1 | U73: =+M_15!E112 -> 1 | V73: =+M_16!E112 -> 1 | W73: =+M_17!E112 -> 1 | X73: =+M_18!E112 -> 2 | Y73: =+M_19!E112 -> 1 | Z73: =+M_20!E112 -> 1 | AB73: =+E73-'[3]Mtdo-Ppto RP'!$L78 -> 0
... A79: =+A78+0.01 -> 10.18 | B79: =+B78+1 -> 68 | C79: tubo espaciador de A°G° de 19 mm x 38 mm Ø | D79: u | E79: =+SUM(G79:Z79) -> 6 | G79: =+M_01!E118 -> 0 | H79: =+M_02!E118 -> 6 | I79: =+M_03!E118 -> 0 | L79: =+M_06!E118 -> 0 | M79: =+M_07!E118 -> 0 | N79: =+M_08!E118 -> 0 | O79: =+M_09!E118 -> 0 | P79: =+M_10!E118 -> 0 | Q79: =+M_11!E118 -> 0 | S79: =+M_13!E118 -> 0 | U79: =+M_15!E118 -> 0 | V79: =+M_16!E118 -> 0 | W79: =+M_17!E118 -> 0 | X79: =+M_18!E118 -> 0 | Y79: =+M_19!E118 -> 0 | Z79: =+M_20!E118 -> 0 | AB79: =+E79-'[3]Mtdo-Ppto RP'!$L84 -> 0
B80: =+B79+1 -> 69 | G80: =+M_01!E119 -> 0 | H80: =+M_02!E119 -> 0 | I80: =+M_03!E119 -> 0 | L80: =+M_06!E119 -> 0 | M80: =+M_07!E119 -> 0 | N80: =+M_08!E119 -> 0 | O80: =+M_09!E119 -> 0 | P80: =+M_10!E119 -> 0 | Q80: =+M_11!E119 -> 0 | S80: =+M_13!E119 -> 0 | U80: =+M_15!E119 -> 0 | V80: =+M_16!E119 -> 0 | W80: =+M_17!E119 -> 0 | X80: =+M_18!E119 -> 0 | Y80: =+M_19!E119 -> 0 | Z80: =+M_20!E119 -> 0 | AB80: =+E80-'[3]Mtdo-Ppto RP'!$L85 -> #REF!
A81: =1+A61 -> 11 | B81: =+B80+1 -> 70 | C81: RETENIDAS Y ANCLAJES | G81: =+M_01!E120 -> 0 | H81: =+M_02!E120 -> 0 | I81: =+M_03!E120 -> 0 | L81: =+M_06!E120 -> 0 | M81: =+M_07!E120 -> 0 | N81: =+M_08!E120 -> 0 | O81: =+M_09!E120 -> 0 | P81: =+M_10!E120 -> 0 | Q81: =+M_11!E120 -> 0 | S81: =+M_13!E120 -> 0 | U81: =+M_15!E120 -> 0 | V81: =+M_16!E120 -> 0 | W81: =+M_17!E120 -> 0 | X81: =+M_18!E120 -> 0 | Y81: =+M_19!E120 -> 0 | Z81: =+M_20!E120 -> 0 | AB81: =+E81-'[3]Mtdo-Ppto RP'!$L86 -> #REF!
A82: =+A81+0.01 -> 11.01 | B82: =+B81+1 -> 71 | C82: Cable de Acero Grado Siemens Martin, de 10 mm Ø, 7 hilos | D82: m | E82: =+SUM(G82:Z82) -> 0 | AB82: =+E82-'[3]Mtdo-Ppto RP'!$L87 -> -212
A83: =+A82+0.01 -> 11.02 | B83: =+B82+1 -> 72 | C83: Varilla de Anclaje de A°G° de 16 mm Ø x 2,40 m, provisto de Ojal Guardacabo en un extremo; Tuerca y Contratuerca en el otro | D83: u | E83: =+SUM(G83:Z83) -> 14 | G83: =+M_01!E122 -> 2 | H83: =+M_02!E122 -> 3 | I83: =+M_03!E122 -> 0 | L83: =+M_06!E122 -> 0 | M83: =+M_07!E122 -> 0 | N83: =+M_08!E122 -> 0 | O83: =+M_09!E122 -> 0 | P83: =+M_10!E122 -> 0 | Q83: =+M_11!E122 -> 0 | S83: =+M_13!E122 -> 0 | U83: =+M_15!E122 -> 0 | V83: =+M_16!E122 -> 2 | W83: =+M_17!E122 -> 1 | X83: =+M_18!E122 -> 4 | Y83: =+M_19!E122 -> 0 | Z83: =+M_20!E122 -> 2 | AB83: =+E83-'[3]Mtdo-Ppto RP'!$L88 -> 0
A84: =+A83+0.01 -> 11.03 | B84: =+B83+1 -> 73 | C84: Mordaza Preformada de A°G° para Cable de 10 mm Ø | D84: u | E84: =+SUM(G84:Z84) -> 72 | G84: =+M_01!E123 -> 8 | H84: =+M_02!E123 -> 12 | I84: =+M_03!E123 -> 0 | L84: =+M_06!E123 -> 0 | M84: =+M_07!E123 -> 0 | N84: =+M_08!E123 -> 0 | O84: =+M_09!E123 -> 0 | P84: =+M_10!E123 -> 0 | Q84: =+M_11!E123 -> 0 | S84: =+M_13!E123 -> 0 | U84: =+M_15!E123 -> 0 | V84: =+M_16!E123 -> 12 | W84: =+M_17!E123 -> 4 | X84: =+M_18!E123 -> 24 | Y84: =+M_19!E123 -> 0 | Z84: =+M_20!E123 -> 12 | AB84: =+E84-'[3]Mtdo-Ppto RP'!$L89 -> 0
A85: =+A84+0.01 -> 11.04 | B85: =+B84+1 -> 74 | C85: Alambre de Acero N° 14 para Entorchado | D85: m | E85: =+SUM(G85:Z85) -> 21 | G85: =+M_01!E124 -> 3 | H85: =+M_02!E124 -> 4.5 | I85: =+M_03!E124 -> 0 | L85: =+M_06!E124 -> 0 | M85: =+M_07!E124 -> 0 | N85: =+M_08!E124 -> 0 | O85: =+M_09!E124 -> 0 | P85: =+M_10!E124 -> 0 | Q85: =+M_11!E124 -> 0 | S85: =+M_13!E124 -> 0 | U85: =+M_15!E124 -> 0 | V85: =+M_16!E124 -> 3 | W85: =+M_17!E124 -> 1.5 | X85: =+M_18!E124 -> 6 | Y85: =+M_19!E124 -> 0 | Z85: =+M_20!E124 -> 3 | AB85: =+E85-'[3]Mtdo-Ppto RP'!$L90 -> 0
A86: =+A85+0.01 -> 11.05 | B86: =+B85+1 -> 75 | C86: Arandela de Anclaje de A°G°, 102 x 102 x 6,35 mm, Agujero de 18 mmø | D86: u | E86: =+SUM(G86:Z86) -> 14 | G86: =+M_01!E125 -> 2 | H86: =+M_02!E125 -> 3 | I86: =+M_03!E125 -> 0 | L86: =+M_06!E125 -> 0 | M86: =+M_07!E125 -> 0 | N86: =+M_08!E125 -> 0 | O86: =+M_09!E125 -> 0 | P86: =+M_10!E125 -> 0 | Q86: =+M_11!E125 -> 0 | S86: =+M_13!E125 -> 0 | U86: =+M_15!E125 -> 0 | V86: =+M_16!E125 -> 2 | W86: =+M_17!E125 -> 1 | X86: =+M_18!E125 -> 4 | Y86: =+M_19!E125 -> 0 | Z86: =+M_20!E125 -> 2 | AB86: =+E86-'[3]Mtdo-Ppto RP'!$L91 -> 0
A87: =+A86+0.01 -> 11.06 | B87: =+B86+1 -> 76 | C87: Grillete de Acero de 70 kN | D87: u | E87: =+SUM(G87:Z87) -> 14 | G87: =+M_01!E126 -> 2 | H87: =+M_02!E126 -> 3 | I87: =+M_03!E126 -> 0 | L87: =+M_06!E126 -> 0 | M87: =+M_07!E126 -> 0 | N87: =+M_08!E126 -> 0 | O87: =+M_09!E126 -> 0 | P87: =+M_10!E126 -> 0 | Q87: =+M_11!E126 -> 0 | S87: =+M_13!E126 -> 0 | U87: =+M_15!E126 -> 0 | V87: =+M_16!E126 -> 2 | W87: =+M_17!E126 -> 1 | X87: =+M_18!E126 -> 4 | Y87: =+M_19!E126 -> 0 | Z87: =+M_20!E126 -> 2 | AB87: =+E87-'[3]Mtdo-Ppto RP'!$L92 -> 0
A88: =+A87+0.01 -> 11.07 | B88: =+B87+1 -> 77 | C88: Enlace metálico, de 254 mm x 75 mm x 38 mm, de 70 kN de resistencia | D88: u | E88: =+SUM(G88:Z88) -> 14 | G88: =+M_01!E127 -> 2 | H88: =+M_02!E127 -> 3 | I88: =+M_03!E127 -> 0 | L88: =+M_06!E127 -> 0 | M88: =+M_07!E127 -> 0 | N88: =+M_08!E127 -> 0 | O88: =+M_09!E127 -> 0 | P88: =+M_10!E127 -> 0 | Q88: =+M_11!E127 -> 0 | S88: =+M_13!E127 -> 0 | U88: =+M_15!E127 -> 0 | V88: =+M_16!E127 -> 2 | W88: =+M_17!E127 -> 1 | X88: =+M_18!E127 -> 4 | Y88: =+M_19!E127 -> 0 | Z88: =+M_20!E127 -> 2 | AB88: =+E88-'[3]Mtdo-Ppto RP'!$L93 -> 0
A89: =+A88+0.01 -> 11.08 | B89: =+B88+1 -> 78 | C89: Aislador Polimerico con Conexión Horquilla (Estructura) y Lengüeta (Linea) de 36 kV, según Especificacion Técnica, para Retenida Aislada. | D89: u | E89: =+SUM(G89:Z89) -> 14 | G89: =+M_01!E128 -> 2 | H89: =+M_02!E128 -> 3 | I89: =+M_03!E128 -> 0 | L89: =+M_06!E128 -> 0 | M89: =+M_07!E128 -> 0 | N89: =+M_08!E128 -> 0 | O89: =+M_09!E128 -> 0 | P89: =+M_10!E128 -> 0 | Q89: =+M_11!E128 -> 0 | S89: =+M_13!E128 -> 0 | U89: =+M_15!E128 -> 0 | V89: =+M_16!E128 -> 2 | W89: =+M_17!E128 -> 1 | X89: =+M_18!E128 -> 4 | Y89: =+M_19!E128 -> 0 | Z89: =+M_20!E128 -> 2 | AB89: =+E89-'[3]Mtdo-Ppto RP'!$L94 -> 0
A90: =+A89+0.01 -> 11.09 | B90: =+B89+1 -> 79 | C90: Bloque de Concreto de 0,40 x 0,40 x 0,15 m | D90: u | E90: =+SUM(G90:Z90) -> 14 | G90: =+M_01!E129 -> 2 | H90: =+M_02!E129 -> 3 | I90: =+M_03!E129 -> 0 | L90: =+M_06!E129 -> 0 | M90: =+M_07!E129 -> 0 | N90: =+M_08!E129 -> 0 | O90: =+M_09!E129 -> 0 | P90: =+M_10!E129 -> 0 | Q90: =+M_11!E129 -> 0 | S90: =+M_13!E129 -> 0 | U90: =+M_15!E129 -> 0 | V90: =+M_16!E129 -> 2 | W90: =+M_17!E129 -> 1 | X90: =+M_18!E129 -> 4 | Y90: =+M_19!E129 -> 0 | Z90: =+M_20!E129 -> 2 | AB90: =+E90-'[3]Mtdo-Ppto RP'!$L95 -> 0
A91: =+A90+0.01 -> 11.1 | B91: =+B90+1 -> 80 | C91: Tuerca-Ojo para Perno de 16 mm Ø | D91: u | E91: =+SUM(G91:Z91) -> 8 | G91: =+M_01!E130 -> 0 | H91: =+M_02!E130 -> 0 | I91: =+M_03!E130 -> 0 | L91: =+M_06!E130 -> 0 | M91: =+M_07!E130 -> 0 | N91: =+M_08!E130 -> 0 | O91: =+M_09!E130 -> 0 | P91: =+M_10!E130 -> 0 | Q91: =+M_11!E130 -> 0 | S91: =+M_13!E130 -> 0 | U91: =+M_15!E130 -> 0 | V91: =+M_16!E130 -> 2 | W91: =+M_17!E130 -> 0 | X91: =+M_18!E130 -> 4 | Y91: =+M_19!E130 -> 0 | Z91: =+M_20!E130 -> 2 | AB91: =+E91-'[3]Mtdo-Ppto RP'!$L96 -> 0
A92: =+A91+0.01 -> 11.11 | B92: =+B91+1 -> 81 | C92: Abrazadera de 4 sectores para Retenida, de 75 mm de altura, 6,35 mm de espesor y 70 kN de resistencia. Diámetro según dimensiones del poste, incluye 4 pernos de 12,7 mm Ø x 63,5 mm y 4 arandelas | D92: u | E92: =+SUM(G92:Z92) -> 14 | G92: =+M_01!E131 -> 2 | H92: =+M_02!E131 -> 3 | I92: =+M_03!E131 -> 0 | L92: =+M_06!E131 -> 0 | M92: =+M_07!E131 -> 0 | N92: =+M_08!E131 -> 0 | O92: =+M_09!E131 -> 0 | P92: =+M_10!E131 -> 0 | Q92: =+M_11!E131 -> 0 | S92: =+M_13!E131 -> 0 | U92: =+M_15!E131 -> 0 | V92: =+M_16!E131 -> 2 | W92: =+M_17!E131 -> 1 | X92: =+M_18!E131 -> 4 | Y92: =+M_19!E131 -> 0 | Z92: =+M_20!E131 -> 2 | AB92: =+E92-'[3]Mtdo-Ppto RP'!$L97 -> 0
A93: =+A92+0.01 -> 11.12 | B93: =+B92+1 -> 82 | C93: Cable de acero grado Alta Resistencia (HS), de 10 mm ø, 7 hilos | D93: m | E93: =+SUM(G93:Z93) -> 212 | G93: =+M_01!E121 -> 28 | H93: =+M_02!E121 -> 42 | I93: =+M_03!E121 -> 0 | L93: =+M_06!E121 -> 0 | M93: =+M_07!E121 -> 0 | N93: =+M_08!E121 -> 0 | O93: =+M_09!E132 -> 0 | P93: =+M_10!E121 -> 0 | Q93: =+M_11!E121 -> 0 | S93: =+M_13!E121 -> 0 | U93: =+M_15!E121 -> 0 | V93: =+M_16!E121 -> 32 | W93: =+M_17!E121 -> 14 | X93: =+M_18!E121 -> 64 | Y93: =+M_19!E121 -> 0 | Z93: =+M_20!E121 -> 32 | AB93: =+E93-'[3]Mtdo-Ppto RP'!$L98 -> #REF!
B94: =+#REF!+1 -> #REF! | G94: =+M_01!E132 -> 0 | H94: =+M_02!E132 -> 0 | I94: =+M_03!E132 -> 0 | L94: =+M_06!E132 -> 0 | M94: =+M_07!E132 -> 0 | N94: =+M_08!E132 -> 0 | O94: =+M_09!E132 -> 0 | P94: =+M_10!E132 -> 0 | Q94: =+M_11!E132 -> 0 | S94: =+M_13!E132 -> 0 | U94: =+M_15!E132 -> 0 | V94: =+M_16!E132 -> 0 | W94: =+M_17!E132 -> 0 | X94: =+M_18!E132 -> 0 | Y94: =+M_19!E132 -> 0 | Z94: =+M_20!E132 -> 0 | AB94: =+E94-'[3]Mtdo-Ppto RP'!$L98 -> #REF!
A95: =1+A81 -> 12 | B95: =+B94+1 -> #REF! | C95: MATERIAL PARA PUESTA A TIERRA | G95: =+M_01!E133 -> 0 | H95: =+M_02!E133 -> 0 | I95: =+M_03!E133 -> 0 | L95: =+M_06!E133 -> 0 | M95: =+M_07!E133 -> 0 | N95: =+M_08!E133 -> 0 | O95: =+M_09!E133 -> 0 | P95: =+M_10!E133 -> 0 | Q95: =+M_11!E133 -> 0 | S95: =+M_13!E133 -> 0 | U95: =+M_15!E133 -> 0 | V95: =+M_16!E133 -> 0 | W95: =+M_17!E133 -> 0 | X95: =+M_18!E133 -> 0 | Y95: =+M_19!E133 -> 0 | Z95: =+M_20!E133 -> 0 | AB95: =+E95-'[3]Mtdo-Ppto RP'!$L99 -> #REF!
A96: =+A95+0.01 -> 12.01 | B96: =+B95+1 -> #REF! | C96: Electrodo de Acero Recubierto de Cobre de 16 mm Ø x 2,40 m | D96: u | E96: =+SUM(G96:Z96) -> 45 | G96: =+M_01!E134 -> 3 | H96: =+M_02!E134 -> 3 | I96: =+M_03!E134 -> 3 | L96: =+M_06!E134 -> 3 | M96: =+M_07!E134 -> 3 | N96: =+M_08!E134 -> 3 | O96: =+M_09!E134 -> 0 | P96: =+M_10!E134 -> 3 | Q96: =+M_11!E134 -> 3 | S96: =+M_13!E134 -> 3 | U96: =+M_15!E134 -> 3 | V96: =+M_16!E134 -> 3 | W96: =+M_17!E134 -> 3 | X96: =+M_18!E134 -> 3 | Y96: =+M_19!E134 -> 3 | Z96: =+M_20!E134 -> 3 | AB96: =+E96-'[3]Mtdo-Ppto RP'!$L100 -> 0
A97: =+A96+0.01 -> 12.02 | B97: =+B96+1 -> #REF! | C97: Caja Registro de Concreto para Puesta a Tierra 0,50 x 0,50 x 0,45 m | D97: u | E97: =+SUM(G97:Z97) -> 45 | G97: =+M_01!E135 -> 3 | H97: =+M_02!E135 -> 3 | I97: =+M_03!E135 -> 3 | L97: =+M_06!E135 -> 3 | M97: =+M_07!E135 -> 3 | N97: =+M_08!E135 -> 3 | O97: =+M_09!E135 -> 0 | P97: =+M_10!E135 -> 3 | Q97: =+M_11!E135 -> 3 | S97: =+M_13!E135 -> 3 | U97: =+M_15!E135 -> 3 | V97: =+M_16!E135 -> 3 | W97: =+M_17!E135 -> 3 | X97: =+M_18!E135 -> 3 | Y97: =+M_19!E135 -> 3 | Z97: =+M_20!E135 -> 3 | AB97: =+E97-'[3]Mtdo-Ppto RP'!$L101 -> 0
A98: =+A97+0.01 -> 12.03 | B98: =+B97+1 -> #REF! | C98: Plancha Doblada de Cobre para toma a Tierra de Espigas y/o Pernos | D98: u | E98: =+SUM(G98:Z98) -> 117 | G98: =+M_01!E136 -> 6 | H98: =+M_02!E136 -> 9 | I98: =+M_03!E136 -> 2 | L98: =+M_06!E136 -> 2 | M98: =+M_07!E136 -> 7 | N98: =+M_08!E136 -> 5 | O98: =+M_09!E136 -> 0 | P98: =+M_10!E136 -> 2 | Q98: =+M_11!E136 -> 2 | S98: =+M_13!E136 -> 4 | U98: =+M_15!E136 -> 2 | V98: =+M_16!E136 -> 12 | W98: =+M_17!E136 -> 6 | X98: =+M_18!E136 -> 36 | Y98: =+M_19!E136 -> 4 | Z98: =+M_20!E136 -> 18 | AB98: =+E98-'[3]Mtdo-Ppto RP'!$L102 -> 1
A99: =+A98+0.01 -> 12.04 | B99: =+B98+1 -> #REF! | C99: Conector de Bronce para Electrodo de 16 mm ø y Cable de Acero con Recubrimiento Metalúrgico de Cobre de 4 AWG (21,15 mm2) | D99: u | E99: =+SUM(G99:Z99) -> 45 | G99: =+M_01!E137 -> 3 | H99: =+M_02!E137 -> 3 | I99: =+M_03!E137 -> 3 | L99: =+M_06!E137 -> 3 | M99: =+M_07!E137 -> 3 | N99: =+M_08!E137 -> 3 | O99: =+M_09!E137 -> 0 | P99: =+M_10!E137 -> 3 | Q99: =+M_11!E137 -> 3 | S99: =+M_13!E137 -> 3 | U99: =+M_15!E137 -> 3 | V99: =+M_16!E137 -> 3 | W99: =+M_17!E137 -> 3 | X99: =+M_18!E137 -> 3 | Y99: =+M_19!E137 -> 3 | Z99: =+M_20!E137 -> 3 | AB99: =+E99-'[3]Mtdo-Ppto RP'!$L103 -> 0
A100: =+A99+0.01 -> 12.05 | B100: =+B99+1 -> #REF! | C100: Conector de Cobre tipo Perno Partido para Cable de Acero con Recubrimiento Metalúrgico de Cobre de 4 AWG (21,15 mm2) | D100: u | E100: =+SUM(G100:Z100) -> 101 | G100: =+M_01!E138 -> 3 | H100: =+M_02!E138 -> 3 | I100: =+M_03!E138 -> 3 | L100: =+M_06!E138 -> 3 | M100: =+M_07!E138 -> 6 | N100: =+M_08!E138 -> 5 | O100: =+M_09!E138 -> 0 | P100: =+M_10!E138 -> 3 | Q100: =+M_11!E138 -> 3 | S100: =+M_13!E138 -> 4 | U100: =+M_15!E138 -> 3 | V100: =+M_16!E138 -> 9 | W100: =+M_17!E138 -> 7 | X100: =+M_18!E138 -> 29 | Y100: =+M_19!E138 -> 5 | Z100: =+M_20!E138 -> 15 | AB100: =+E100-'[3]Mtdo-Ppto RP'!$L104 -> 0
A101: =+A100+0.01 -> 12.06 | B101: =+B100+1 -> #REF! | C101: Grapa en "U" para fijar conductor de PAT a Madera | D101: u | E101: =+SUM(G101:Z101) -> 40 | G101: =+M_01!E139 -> 3 | H101: =+M_02!E139 -> 3 | I101: =+M_03!E139 -> 3 | L101: =+M_06!E139 -> 3 | M101: =+M_07!E139 -> 8 | N101: =+M_08!E139 -> 8 | O101: =+M_09!E139 -> 0 | P101: =+M_10!E139 -> 3 | Q101: =+M_11!E139 -> 3 | S101: =+M_13!E139 -> 3 | U101: =+M_15!E139 -> 3 | V101: =+M_16!E139 -> 0 | W101: =+M_17!E139 -> 0 | X101: =+M_18!E139 -> 0 | Y101: =+M_19!E139 -> 0 | Z101: =+M_20!E139 -> 0 | AB101: =+E101-'[3]Mtdo-Ppto RP'!$L105 -> 0
A102: =+A101+0.01 -> 12.07 | B102: =+B101+1 -> #REF! | C102: Tubo Plastico de PVC SAP de 19 mm ø x 0,5 m ( incluye curva de plastico de 19 mm ø x 90º) | D102: u | E102: =+SUM(G102:Z102) -> 59 | G102: =+M_01!E140 -> 4 | H102: =+M_02!E140 -> 7 | I102: =+M_03!E140 -> 2 | L102: =+M_06!E140 -> 2 | M102: =+M_07!E140 -> 3 | N102: =+M_08!E140 -> 2 | O102: =+M_09!E140 -> 0 | P102: =+M_10!E140 -> 2 | Q102: =+M_11!E140 -> 2 | S102: =+M_13!E140 -> 3 | U102: =+M_15!E140 -> 2 | V102: =+M_16!E140 -> 4 | W102: =+M_17!E140 -> 3 | X102: =+M_18!E140 -> 14 | Y102: =+M_19!E140 -> 2 | Z102: =+M_20!E140 -> 7 | AB102: =+E102-'[3]Mtdo-Ppto RP'!$L106 -> 1
A103: =+A102+0.01 -> 12.08 | B103: =+B102+1 -> #REF! | C103: Placa de Señalización de Poste (Puesta a Tierra) | D103: u | E103: =+SUM(G103:Z103) -> 0 | G103: =+M_01!E141 -> 0 | H103: =+M_02!E141 -> 0 | I103: =+M_03!E141 -> 0 | L103: =+M_06!E141 -> 0 | M103: =+M_07!E141 -> 0 | N103: =+M_08!E141 -> 0 | O103: =+M_09!E141 -> 0 | P103: =+M_10!E141 -> 0 | Q103: =+M_11!E141 -> 0 | S103: =+M_13!E141 -> 0 | U103: =+M_15!E141 -> 0 | V103: =+M_16!E141 -> 0 | W103: =+M_17!E141 -> 0 | X103: =+M_18!E141 -> 0 | Y103: =+M_19!E141 -> 0 | Z103: =+M_20!E141 -> 0 | AB103: =+E103-'[3]Mtdo-Ppto RP'!$L107 -> 0
A104: =+A103+0.01 -> 12.09 | B104: =+B103+1 -> #REF! | C104: Plantilla para Señalización de Poste (Puesta a Tierra) | D104: u | E104: =+SUM(G104:Z104) -> 15 | G104: =+M_01!E142 -> 1 | H104: =+M_02!E142 -> 1 | I104: =+M_03!E142 -> 1 | L104: =+M_06!E142 -> 1 | M104: =+M_07!E142 -> 1 | N104: =+M_08!E142 -> 1 | O104: =+M_09!E142 -> 0 | P104: =+M_10!E142 -> 1 | Q104: =+M_11!E142 -> 1 | S104: =+M_13!E142 -> 1 | U104: =+M_15!E142 -> 1 | V104: =+M_16!E142 -> 1 | W104: =+M_17!E142 -> 1 | X104: =+M_18!E142 -> 1 | Y104: =+M_19!E142 -> 1 | Z104: =+M_20!E142 -> 1 | AB104: =+E104-'[3]Mtdo-Ppto RP'!$L108 -> 0
A105: =+A104+0.01 -> 12.1 | B105: =+B104+1 -> #REF! | C105: Bentonita sódica saco de 30 kg | D105: u | E105: =+SUM(G105:Z105) -> 135 | G105: =+M_01!E143 -> 9 | H105: =+M_02!E143 -> 9 | I105: =+M_03!E143 -> 9 | L105: =+M_06!E143 -> 9 | M105: =+M_07!E143 -> 9 | N105: =+M_08!E143 -> 9 | O105: =+M_09!E143 -> 0 | P105: =+M_10!E143 -> 9 | Q105: =+M_11!E143 -> 9 | S105: =+M_13!E143 -> 9 | U105: =+M_15!E143 -> 9 | V105: =+M_16!E143 -> 9 | W105: =+M_17!E143 -> 9 | X105: =+M_18!E143 -> 9 | Y105: =+M_19!E143 -> 9 | Z105: =+M_20!E143 -> 9 | AB105: =+E105-'[3]Mtdo-Ppto RP'!$L109 -> 0
B106: =+B105+1 -> #REF! | G106: =+M_01!E144 -> 0 | H106: =+M_02!E144 -> 0 | I106: =+M_03!E144 -> 0 | L106: =+M_06!E144 -> 0 | M106: =+M_07!E144 -> 0 | N106: =+M_08!E144 -> 0 | O106: =+M_09!E144 -> 0 | P106: =+M_10!E144 -> 0 | Q106: =+M_11!E144 -> 0 | S106: =+M_13!E144 -> 0 | U106: =+M_15!E144 -> 0 | V106: =+M_16!E144 -> 0 | W106: =+M_17!E144 -> 0 | X106: =+M_18!E144 -> 0 | Y106: =+M_19!E144 -> 0 | Z106: =+M_20!E144 -> 0 | AB106: =+E106-'[3]Mtdo-Ppto RP'!$L110 -> #REF!
A107: =A95+1 -> 13 | B107: =+B106+1 -> #REF! | C107: EQUIPO DE PROTECCION Y MANIOBRA | G107: =+M_01!E145 -> 0 | H107: =+M_02!E145 -> 0 | I107: =+M_03!E145 -> 0 | L107: =+M_06!E145 -> 0 | M107: =+M_07!E145 -> 0 | N107: =+M_08!E145 -> 0 | O107: =+M_09!E145 -> 0 | P107: =+M_10!E145 -> 0 | Q107: =+M_11!E145 -> 0 | S107: =+M_13!E145 -> 0 | U107: =+M_15!E145 -> 0 | V107: =+M_16!E145 -> 0 | W107: =+M_17!E145 -> 0 | X107: =+M_18!E145 -> 0 | Y107: =+M_19!E145 -> 0 | Z107: =+M_20!E145 -> 0 | AB107: =+E107-'[3]Mtdo-Ppto RP'!$L111 -> #REF!
A108: =+A107+0.01 -> 13.01 | B108: =+B107+1 -> #REF! | C108: Seccionador Fusible Unipolar Tipo Expulsion (Cut-Out) de 27/38 kV, 100A, 150 kV-BIL. | D108: u | E108: =+SUM(G108:Z108) -> 22 | G108: =+M_01!E146 -> 1 | H108: =+M_02!E146 -> 1 | I108: =+M_03!E146 -> 1 | L108: =+M_06!E146 -> 1 | M108: =+M_07!E146 -> 2 | N108: =+M_08!E146 -> 2 | O108: =+M_09!E146 -> 0 | P108: =+M_10!E146 -> 1 | Q108: =+M_11!E146 -> 1 | S108: =+M_13!E146 -> 1 | U108: =+M_15!E146 -> 1 | V108: =+M_16!E146 -> 2 | W108: =+M_17!E146 -> 2 | X108: =+M_18!E146 -> 2 | Y108: =+M_19!E146 -> 2 | Z108: =+M_20!E146 -> 2 | AB108: =+E108-'[3]Mtdo-Ppto RP'!$L112 -> 0
...

Sheet M_01
G1: 1 | H1: =+G1+1 -> 2 | I1: =+H1+1 -> 3 | J1: =+I1+1 -> 4 | K1: =+J1+1 -> 5 | L1: =+K1+1 -> 6 | M1: =+L1+1 -> 7 | N1: =+M1+1 -> 8 | O1: =+N1+1 -> 9 | ... AJ1: =+AI1+1 -> 30
C2: N° Estructura | G2: {=+TRANSPOSE(P_01!B13:AD42)} -> 0 | H2: 1 | I2: 2 | J2: 3 | K2: 0 | L2: 0 | M2: 0 | N2: 0 | O2: 0 | P2: 0 | Q2: 0 | R2: 0 | S2: 0 | T2: 0 | U2: 0 | V2: 0 | W2: 0 | X2: 0 | Y2: 0 | Z2: 0 | AA2: 0 | AB2: 0 | AC2: 0 | AD2: 0 | AE2: 0 | AF2: 0 | AG2: 0 | AH2: 0 | AI2: 0 | AJ2: 0
C3: ARMADO | D3: Principal | G3: - | H3: TS-0 | I3: TS-0 | J3: PS1-0 | K3: - | L3: - | M3: - | N3: - | O3: - | P3: - | Q3: - | R3: - | S3: - | T3: - | U3: - | V3: - | W3: - | X3: - | Y3: - | Z3: - | AA3: - | AB3: - | AC3: - | AD3: - | AE3: - | AF3: - | AG3: - | AH3: - | AI3: - | AJ3: -
D4: Auxiliar | G4: DS-0 | H4: - | I4: - | J4: SMM-2P | K4: - | L4: - | M4: - | N4: - | O4: - | P4: - | Q4: - | R4: - | S4: - | T4: - | U4: - | V4: - | W4: - | X4: - | Y4: - | Z4: - | AA4: - | AB4: - | AC4: - | AD4: - | AE4: - | AF4: - | AG4: - | AH4: - | AI4: - | AJ4: -
D5: Fusible | G5: - | H5: - | I5: - | J5: 2A-K | K5: - | L5: - | M5: - | N5: - | O5: - | P5: - | Q5: - | R5: - | S5: - | T5: - | U5: - | V5: - | W5: - | X5: - | Y5: - | Z5: - | AA5: - | AB5: - | AC5: - | AD5: - | AE5: - | AF5: - | AG5: - | AH5: - | AI5: - | AJ5: -
C6: SUEBSTACION | D6: Numero | G6: - | H6: - | I6: - | J6: 01 | K6: - | L6: - | M6: - | N6: - | O6: - | P6: - | Q6: - | R6: - | S6: - | T6: - | U6: - | V6: - | W6: - | X6: - | Y6: - | Z6: - | AA6: - | AB6: - | AC6: - | AD6: - | AE6: - | AF6: - | AG6: - | AH6: - | AI6: - | AJ6: -
D7: Nomenclatura | G7: - | H7: - | I7: - | J7: 5kVA-1ø-13,2kV | K7: - | L7: - | M7: - | N7: - | O7: - | P7: - | Q7: - | R7: - | S7: - | T7: - | U7: - | V7: - | W7: - | X7: - | Y7: - | Z7: - | AA7: - | AB7: - | AC7: - | AD7: - | AE7: - | AF7: - | AG7: - | AH7: - | AI7: - | AJ7: -
D8: Kva | G8: - | H8: - | I8: - | J8: 5 | K8: - | L8: - | M8: - | N8: - | O8: - | P8: - | Q8: - | R8: - | S8: - | T8: - | U8: - | V8: - | W8: - | X8: - | Y8: - | Z8: - | AA8: - | AB8: - | AC8: - | AD8: - | AE8: - | AF8: - | AG8: - | AH8: - | AI8: - | AJ8: -
C9: POSTE | D9: Cantidad | G9: 0 | H9: 1 | I9: 1 | J9: 1 | K9: 0 | L9: 0 | M9: 0 | N9: 0 | O9: 0 | P9: 0 | Q9: 0 | R9: 0 | S9: 0 | T9: 0 | U9: 0 | V9: 0 | W9: 0 | X9: 0 | Y9: 0 | Z9: 0 | AA9: 0 | AB9: 0 | AC9: 0 | AD9: 0 | AE9: 0 | AF9: 0 | AG9: 0 | AH9: 0 | AI9: 0 | AJ9: 0
D10: Tipo | G10: - | H10: CAC | I10: CAC | J10: CAC | K10: - | L10: - | M10: - | N10: - | O10: - | P10: - | Q10: - | R10: - | S10: - | T10: - | U10: - | V10: - | W10: - | X10: - | Y10: - | Z10: - | AA10: - | AB10: - | AC10: - | AD10: - | AE10: - | AF10: - | AG10: - | AH10: - | AI10: - | AJ10: -
D11: Longitud / Carga | G11: - | H11: 12/300 | I11: 12/300 | J11: 12/300 | K11: - | L11: - | M11: - | N11: - | O11: - | P11: - | Q11: - | R11: - | S11: - | T11: - | U11: - | V11: - | W11: - | X11: - | Y11: - | Z11: - | AA11: - | AB11: - | AC11: - | AD11: - | AE11: - | AF11: - | AG11: - | AH11: - | AI11: - | AJ11: -
C12: CONDUCTOR | D12: Vano Atrás | E12: m | G12: 0 | H12: 22.2 | I12: 45.3 | J12: 29.8 | K12: - | L12: - | M12: - | N12: - | O12: - | P12: - | Q12: - | R12: - | S12: - | T12: - | U12: - | V12: - | W12: - | X12: - | Y12: - | Z12: - | AA12: - | AB12: - | AC12: - | AD12: - | AE12: - | AF12: - | AG12: - | AH12: - | AI12: - | AJ12: -
D13: Sección | E13: mm² | G13: 35 mm² AAAC | H13: 35 mm² AAAC | I13: 35 mm² AAAC | J13: 35 mm² AAAC | K13: - | L13: - | M13: - | N13: - | O13: - | P13: - | Q13: - | R13: - | S13: - | T13: - | U13: - | V13: - | W13: - | X13: - | Y13: - | Z13: - | AA13: - | AB13: - | AC13: - | AD13: - | AE13: - | AF13: - | AG13: - | AH13: - | AI13: - | AJ13: -
D14: Nº de | E14: Fases | G14: 1 | H14: 1 | I14: 1 | J14: 1 | K14: - | L14: - | M14: - | N14: - | O14: - | P14: - | Q14: - | R14: - | S14: - | T14: - | U14: - | V14: - | W14: - | X14: - | Y14: - | Z14: - | AA14: - | AB14: - | AC14: - | AD14: - | AE14: - | AF14: - | AG14: - | AH14: - | AI14: - | AJ14: -
C15: RETENIDAS | D15: RI-A | E15: [u] | G15: 0 | H15: 1 | I15: 1 | J15: 0 | K15: 0 | L15: 0 | M15: 0 | N15: 0 | O15: 0 | P15: 0 | Q15: 0 | R15: 0 | S15: 0 | T15: 0 | U15: 0 | V15: 0 | W15: 0 | X15: 0 | Y15: 0 | Z15: 0 | AA15: 0 | AB15: 0 | AC15: 0 | AD15: 0 | AE15: 0 | AF15: 0 | AG15: 0 | AH15: 0 | AI15: 0 | AJ15: 0
D16: RV-A | E16: [u] | G16: 0 | H16: 0 | I16: 0 | J16: 0 | K16: 0 | L16: 0 | M16: 0 | N16: 0 | O16: 0 | P16: 0 | Q16: 0 | R16: 0 | S16: 0 | T16: 0 | U16: 0 | V16: 0 | W16: 0 | X16: 0 | Y16: 0 | Z16: 0 | AA16: 0 | AB16: 0 | AC16: 0 | AD16: 0 | AE16: 0 | AF16: 0 | AG16: 0 | AH16: 0 | AI16: 0 | AJ16: 0
D17: RYI-A | E17: [u] | G17: 0 | H17: 0 | I17: 0 | J17: 0 | K17: 0 | L17: 0 | M17: 0 | N17: 0 | O17: 0 | P17: 0 | Q17: 0 | R17: 0 | S17: 0 | T17: 0 | U17: 0 | V17: 0 | W17: 0 | X17: 0 | Y17: 0 | Z17: 0 | AA17: 0 | AB17: 0 | AC17: 0 | AD17: 0 | AE17: 0 | AF17: 0 | AG17: 0 | AH17: 0 | AI17: 0 | AJ17: 0
D18: RYV-A | E18: [u] | G18: 0 | H18: 0 | I18: 0 | J18: 0 | K18: 0 | L18: 0 | M18: 0 | N18: 0 | O18: 0 | P18: 0 | Q18: 0 | R18: 0 | S18: 0 | T18: 0 | U18: 0 | V18: 0 | W18: 0 | X18: 0 | Y18: 0 | Z18: 0 | AA18: 0 | AB18: 0 | AC18: 0 | AD18: 0 | AE18: 0 | AF18: 0 | AG18: 0 | AH18: 0 | AI18: 0 | AJ18: 0
C19: PAT | D19: TIPO | G19: - | H19: PAT-1C | I19: PAT-1C | J19: PAT-3 | K19: - | L19: - | M19: - | N19: - | O19: - | P19: - | Q19: - | R19: - | S19: - | T19: - | U19: - | V19: - | W19: - | X19: - | Y19: - | Z19: - | AA19: - | AB19: - | AC19: - | AD19: - | AE19: - | AF19: - | AG19: - | AH19: - | AI19: - | AJ19: -
C20: Cimentación | G20: - | H20: CI-C | I20: CI-C | J20: CI-C | K20: - | L20: - | M20: - | N20: - | O20: - | P20: - | Q20: - | R20: - | S20: - | T20: - | U20: - | V20: - | W20: - | X20: - | Y20: - | Z20: - | AA20: - | AB20: - | AC20: - | AD20: - | AE20: - | AF20: - | AG20: - | AH20: - | AI20: - | AJ20: -
C21: Accesibilidad | G21: SI | H21: SI | I21: SI | J21: SI | K21: - | L21: - | M21: - | N21: - | O21: - | P21: - | Q21: - | R21: - | S21: - | T21: - | U21: - | V21: - | W21: - | X21: - | Y21: - | Z21: - | AA21: - | AB21: - | AC21: - | AD21: - | AE21: - | AF21: - | AG21: - | AH21: - | AI21: - | AJ21: -
C22: Amortiguadores | G22: 0 | H22: 0 | I22: 0 | J22: 0 | K22: - | L22: - | M22: - | N22: - | O22: - | P22: - | Q22: - | R22: - | S22: - | T22: - | U22: - | V22: - | W22: - | X22: - | Y22: - | Z22: - | AA22: - | AB22: - | AC22: - | AD22: - | AE22: - | AF22: - | AG22: - | AH22: - | AI22: - | AJ22: -
C23: COORDENADAS WGS-84 | E23: ESTE | G23: 174368.64 | H23: 174390.7176 | I23: 174434.0564 | J23: 174461.1523 | K23: - | L23: - | M23: - | N23: - | O23: - | P23: - | Q23: - | R23: - | S23: - | T23: - | U23: - | V23: - | W23: - | X23: - | Y23: - | Z23: - | AA23: - | AB23: - | AC23: - | AD23: - | AE23: - | AF23: - | AG23: - | AH23: - | AI23: - | AJ23: -
E24: NORTE | G24: 8980122.95 | H24: 8980123.4154 | I24: 8980110.6284 | J24: 8980123.1393 | K24: - | L24: - | M24: - | N24: - | O24: - | P24: - | Q24: - | R24: - | S24: - | T24: - | U24: - | V24: - | W24: - | X24: - | Y24: - | Z24: - | AA24: - | AB24: - | AC24: - | AD24: - | AE24: - | AF24: - | AG24: - | AH24: - | AI24: - | AJ24: -
C25: Área | G25: 2 | H25: 2 | I25: 2 | J25: 2 | K25: 0 | L25: 0 | M25: 0 | N25: 0 | O25: 0 | P25: 0 | Q25: 0 | R25: 0 | S25: 0 | T25: 0 | U25: 0 | V25: 0 | W25: 0 | X25: 0 | Y25: 0 | Z25: 0 | AA25: 0 | AB25: 0 | AC25: 0 | AD25: 0 | AE25: 0 | AF25: 0 | AG25: 0 | AH25: 0 | AI25: 0 | AJ25: 0
C26: Sistema Kv | G26: - | H26: - | I26: - | J26: 13,2kV | K26: - | L26: - | M26: - | N26: - | O26: - | P26: - | Q26: - | R26: - | S26: - | T26: - | U26: - | V26: - | W26: - | X26: - | Y26: - | Z26: - | AA26: - | AB26: - | AC26: - | AD26: - | AE26: - | AF26: - | AG26: - | AH26: - | AI26: - | AJ26: -
C27: Veredas | G27: NO | H27: NO | I27: NO | J27: NO | K27: - | L27: - | M27: - | N27: - | O27: - | P27: - | Q27: - | R27: - | S27: - | T27: - | U27: - | V27: - | W27: - | X27: - | Y27: - | Z27: - | AA27: - | AB27: - | AC27: - | AD27: - | AE27: - | AF27: - | AG27: - | AH27: - | AI27: - | AJ27: -
C28: TIPOS DE TERRENO | D28: Terreno Tipo I (%) | G28: 0 | H28: 1 | I28: 1 | J28: 1 | K28: 0 | L28: 0 | M28: 0 | N28: 0 | O28: 0 | P28: 0 | Q28: 0 | R28: 0 | S28: 0 | T28: 0 | U28: 0 | V28: 0 | W28: 0 | X28: 0 | Y28: 0 | Z28: 0 | AA28: 0 | AB28: 0 | AC28: 0 | AD28: 0 | AE28: 0 | AF28: 0 | AG28: 0 | AH28: 0 | AI28: 0 | AJ28: 0
D29: Terreno Tipo II (%) | G29: 0 | H29: 0 | I29: 0 | J29: 0 | K29: 0 | L29: 0 | M29: 0 | N29: 0 | O29: 0 | P29: 0 | Q29: 0 | R29: 0 | S29: 0 | T29: 0 | U29: 0 | V29: 0 | W29: 0 | X29: 0 | Y29: 0 | Z29: 0 | AA29: 0 | AB29: 0 | AC29: 0 | AD29: 0 | AE29: 0 | AF29: 0 | AG29: 0 | AH29: 0 | AI29: 0 | AJ29: 0
C30: Observaciones | G30: 0 | H30: 0 | I30: 0 | J30: 0 | K30: 0 | L30: 0 | M30: 0 | N30: 0 | O30: 0 | P30: 0 | Q30: 0 | R30: 0 | S30: 0 | T30: 0 | U30: 0 | V30: 0 | W30: 0 | X30: 0 | Y30: 0 | Z30: 0 | AA30: 0 | AB30: 0 | AC30: 0 | AD30: 0 | AE30: 0 | AF30: 0 | AG30: 0 | AH30: 0 | AI30: 0 | AJ30: 0
C31: RETENIDAS | D31: Terreno Tipo I (%) | G31: {=+TRANSPOSE(P_01!AE13:AH42)} -> 0 | H31: 1 | I31: 1 | J31: 0 | K31: 0 | L31: 0 | M31: 0 | N31: 0 | O31: 0 | P31: 0 | Q31: 0 | R31: 0 | S31: 0 | T31: 0 | U31: 0 | V31: 0 | W31: 0 | X31: 0 | Y31: 0 | Z31: 0 | AA31: 0 | AB31: 0 | AC31: 0 | AD31: 0 | AE31: 0 | AF31: 0 | AG31: 0 | AH31: 0 | AI31: 0 | AJ31: 0
D32: Terreno Tipo II (%) | G32: 0 | H32: 0 | I32: 0 | J32: 0 | K32: 0 | L32: 0 | M32: 0 | N32: 0 | O32: 0 | P32: 0 | Q32: 0 | R32: 0 | S32: 0 | T32: 0 | U32: 0 | V32: 0 | W32: 0 | X32: 0 | Y32: 0 | Z32: 0 | AA32: 0 | AB32: 0 | AC32: 0 | AD32: 0 | AE32: 0 | AF32: 0 | AG32: 0 | AH32: 0 | AI32: 0 | AJ32: 0
C33: PUESTA A TIERRA | D33: Terreno Tipo I (%) | G33: 0 | H33: 1 | I33: 1 | J33: 1 | K33: 0 | L33: 0 | M33: 0 | N33: 0 | O33: 0 | P33: 0 | Q33: 0 | R33: 0 | S33: 0 | T33: 0 | U33: 0 | V33: 0 | W33: 0 | X33: 0 | Y33: 0 | Z33: 0 | AA33: 0 | AB33: 0 | AC33: 0 | AD33: 0 | AE33: 0 | AF33: 0 | AG33: 0 | AH33: 0 | AI33: 0 | AJ33: 0
D34: Terreno Tipo II (%) | G34: 0 | H34: 0 | I34: 0 | J34: 0 | K34: 0 | L34: 0 | M34: 0 | N34: 0 | O34: 0 | P34: 0 | Q34: 0 | R34: 0 | S34: 0 | T34: 0 | U34: 0 | V34: 0 | W34: 0 | X34: 0 | Y34: 0 | Z34: 0 | AA34: 0 | AB34: 0 | AC34: 0 | AD34: 0 | AE34: 0 | AF34: 0 | AG34: 0 | AH34: 0 | AI34: 0 | AJ34: 0
A42: METRADO DETALLADA DE REDES PRIMARIAS
A43: OBRA: | C43: "AMPLIACIÓN DEL SERVICIO DE ENERGÍA ELÉCTRICA EN LA PROVINCIA DEL SANTA Y EN EL DISTRITO DE PAMPAROMAS – DEPARTAMENTO DE ANCASH" | E43: ESTRUCTURA | G43: =+G2 -> 0 | H43: =+H2 -> 1 | I43: =+I2 -> 2 | J43: =+J2 -> 3 | K43: =+K2 -> 0 | L43: =+L2 -> 0 | M43: =+M2 -> 0 | N43: =+N2 -> 0 | ... AJ43: =+AJ2 -> 0
E44: TIPO DE POSTE | G44: =+G10 -> - | H44: =+H10 -> CAC | I44: =+I10 -> CAC | J44: =+J10 -> CAC | K44: =+K10 -> - | L44: =+L10 -> - | M44: =+M10 -> - | N44: =+N10 -> - | ... AJ44: =+AJ10 -> -
E45: A. PRINCIPAL | G45: =+G3 -> - | H45: =+H3 -> TS-0 | I45: =+I3 -> TS-0 | J45: =+J3 -> PS1-0 | K45: =+K3 -> - | L45: =+L3 -> - | M45: =+M3 -> - | N45: =+N3 -> - | ... AJ45: =+AJ3 -> -
A46: UBICACIÓN: | C46: ANCASH | E46: A. AUXILIAR | G46: =+G4 -> DS-0 | H46: =+H4 -> - | I46: =+I4 -> - | J46: =+J4 -> SMM-2P | K46: =+K4 -> - | L46: =+L4 -> - | M46: =+M4 -> - | N46: =+N4 -> - | ... AJ46: =+AJ4 -> -
A47: =+P_01!S3 -> 1 | C47: =+VLOOKUP($A$47,LOCALIDAD,2,FALSE) -> CONCHIPAMPA | E47: SUBESTACION | G47: =+G6 -> - | H47: =+H6 -> - | I47: =+I6 -> - | J47: =+J6 -> 01 | K47: =+K6 -> - | L47: =+L6 -> - | M47: =+M6 -> - | N47: =+N6 -> - | ... AJ47: =+AJ6 -> -
A49: Item | B49: 1 | C49: Descripción de Partidas | D49: Unid. | E49: Metrado
B50: =+B49+1 -> 2
A51: 1 | B51: =+B50+1 -> 3 | C51: CRUCETAS DE MADERA DE PROCEDENCIA NACIONAL
A52: =+A51+0.01 -> 1.01 | B52: =+B51+1 -> 4 | C52: Cruceta de madera tratada de 90 mm x 115 mm x 1,20 m | D52: u | E52: =+SUM(G52:AJ52) -> 1 | G52: =+HLOOKUP(G$3,ARMADO_RP,$B52,0)+HLOOKUP(G$4,ARMADO_RP,$B52,0) -> 0 | H52: =+HLOOKUP(H$3,ARMADO_RP,$B52,0)+HLOOKUP(H$4,ARMADO_RP,$B52,0) -> 0 | I52: =+HLOOKUP(I$3,ARMADO_RP,$B52,0)+HLOOKUP(I$4,ARMADO_RP,$B52,0) -> 0 | J52: =+HLOOKUP(J$3,ARMADO_RP,$B52,0)+HLOOKUP(J$4,ARMADO_RP,$B52,0) -> 1 | K52: =+HLOOKUP(K$3,ARMADO_RP,$B52,0)+HLOOKUP(K$4,ARMADO_RP,$B52,0) -> 0 | L52: =+HLOOKUP(L$3,ARMADO_RP,$B52,0)+HLOOKUP(L$4,ARMADO_RP,$B52,0) -> 0 | M52: =+HLOOKUP(M$3,ARMADO_RP,$B52,0)+HLOOKUP(M$4,ARMADO_RP,$B52,0) -> 0 | N52: =+HLOOKUP(N$3,ARMADO_RP,$B52,0)+HLOOKUP(N$4,ARMADO_RP,$B52,0) -> 0 | ... AJ52: =+HLOOKUP(AJ$3,ARMADO_RP,$B52,0)+HLOOKUP(AJ$4,ARMADO_RP,$B52,0) -> 0
A53: =+A52+0.01 -> 1.02 | B53: =+B52+1 -> 5 | C53: Listón de madera tratada 50 x 19 mm sección, 2,7 m longitud (incluye clavos de fijación) | D53: u | E53: =+SUM(G53:AJ53) -> 0 | G53: =+HLOOKUP(G$3,ARMADO_RP,$B53,0)+HLOOKUP(G$4,ARMADO_RP,$B53,0) -> 0 | H53: =+HLOOKUP(H$3,ARMADO_RP,$B53,0)+HLOOKUP(H$4,ARMADO_RP,$B53,0) -> 0 | I53: =+HLOOKUP(I$3,ARMADO_RP,$B53,0)+HLOOKUP(I$4,ARMADO_RP,$B53,0) -> 0 | J53: =+HLOOKUP(J$3,ARMADO_RP,$B53,0)+HLOOKUP(J$4,ARMADO_RP,$B53,0) -> 0 | K53: =+HLOOKUP(K$3,ARMADO_RP,$B53,0)+HLOOKUP(K$4,ARMADO_RP,$B53,0) -> 0 | L53: =+HLOOKUP(L$3,ARMADO_RP,$B53,0)+HLOOKUP(L$4,ARMADO_RP,$B53,0) -> 0 | M53: =+HLOOKUP(M$3,ARMADO_RP,$B53,0)+HLOOKUP(M$4,ARMADO_RP,$B53,0) -> 0 | N53: =+HLOOKUP(N$3,ARMADO_RP,$B53,0)+HLOOKUP(N$4,ARMADO_RP,$B53,0) -> 0 | ... AJ53: =+HLOOKUP(AJ$3,ARMADO_RP,$B53,0)+HLOOKUP(AJ$4,ARMADO_RP,$B53,0) -> 0
A54: =+A53+0.01 -> 1.03 | B54: =+B53+1 -> 6 | C54: Cruceta de madera tratada de 90 mm x 115 mm x 2,00 m | D54: u | E54: =+SUM(G54:AJ54) -> 0 | G54: =+HLOOKUP(G$3,ARMADO_RP,$B54,0)+HLOOKUP(G$4,ARMADO_RP,$B54,0) -> 0 | H54: =+HLOOKUP(H$3,ARMADO_RP,$B54,0)+HLOOKUP(H$4,ARMADO_RP,$B54,0) -> 0 | I54: =+HLOOKUP(I$3,ARMADO_RP,$B54,0)+HLOOKUP(I$4,ARMADO_RP,$B54,0) -> 0 | J54: =+HLOOKUP(J$3,ARMADO_RP,$B54,0)+HLOOKUP(J$4,ARMADO_RP,$B54,0) -> 0 | K54: =+HLOOKUP(K$3,ARMADO_RP,$B54,0)+HLOOKUP(K$4,ARMADO_RP,$B54,0) -> 0 | L54: =+HLOOKUP(L$3,ARMADO_RP,$B54,0)+HLOOKUP(L$4,ARMADO_RP,$B54,0) -> 0 | M54: =+HLOOKUP(M$3,ARMADO_RP,$B54,0)+HLOOKUP(M$4,ARMADO_RP,$B54,0) -> 0 | N54: =+HLOOKUP(N$3,ARMADO_RP,$B54,0)+HLOOKUP(N$4,ARMADO_RP,$B54,0) -> 0 | ... AJ54: =+HLOOKUP(AJ$3,ARMADO_RP,$B54,0)+HLOOKUP(AJ$4,ARMADO_RP,$B54,0) -> 0
A55: =+A54+0.01 -> 1.04 | B55: =+B54+1 -> 7 | C55: Cruceta de madera tratada de 90 mm x 115 mm x 2,40 m | D55: u | E55: =+SUM(G55:AJ55) -> 0 | G55: =+HLOOKUP(G$3,ARMADO_RP,$B55,0)+HLOOKUP(G$4,ARMADO_RP,$B55,0) -> 0 | H55: =+HLOOKUP(H$3,ARMADO_RP,$B55,0)+HLOOKUP(H$4,ARMADO_RP,$B55,0) -> 0 | I55: =+HLOOKUP(I$3,ARMADO_RP,$B55,0)+HLOOKUP(I$4,ARMADO_RP,$B55,0) -> 0 | J55: =+HLOOKUP(J$3,ARMADO_RP,$B55,0)+HLOOKUP(J$4,ARMADO_RP,$B55,0) -> 0 | K55: =+HLOOKUP(K$3,ARMADO_RP,$B55,0)+HLOOKUP(K$4,ARMADO_RP,$B55,0) -> 0 | L55: =+HLOOKUP(L$3,ARMADO_RP,$B55,0)+HLOOKUP(L$4,ARMADO_RP,$B55,0) -> 0 | M55: =+HLOOKUP(M$3,ARMADO_RP,$B55,0)+HLOOKUP(M$4,ARMADO_RP,$B55,0) -> 0 | N55: =+HLOOKUP(N$3,ARMADO_RP,$B55,0)+HLOOKUP(N$4,ARMADO_RP,$B55,0) -> 0 | ... AJ55: =+HLOOKUP(AJ$3,ARMADO_RP,$B55,0)+HLOOKUP(AJ$4,ARMADO_RP,$B55,0) -> 0
B56: =+B55+1 -> 8
A57: =1+A51 -> 2 | B57: =+B56+1 -> 9 | C57: POSTES DE CONCRETO ARMADO CENTRIFUGADO
A58: =+A57+0.01 -> 2.01 | B58: =+B57+1 -> 10 | C58: Poste de C.A.C. de 12 m/200 daN (Incluye perilla) | D58: u | E58: =+SUM(G58:AJ58) -> 0 | F58: CAC 12/200 | G58: =+IF($F58=G$10&" "&G$11,G$9,0) -> 0 | H58: =+IF($F58=H$10&" "&H$11,H$9,0) -> 0 | I58: =+IF($F58=I$10&" "&I$11,I$9,0) -> 0 | J58: =+IF($F58=J$10&" "&J$11,J$9,0) -> 0 | K58: =+IF($F58=K$10&" "&K$11,K$9,0) -> 0 | L58: =+IF($F58=L$10&" "&L$11,L$9,0) -> 0 | M58: =+IF($F58=M$10&" "&M$11,M$9,0) -> 0 | N58: =+IF($F58=N$10&" "&N$11,N$9,0) -> 0 | ... AJ58: =+IF($F58=AJ$10&" "&AJ$11,AJ$9,0) -> 0
A59: =+A58+0.01 -> 2.02 | B59: =+B58+1 -> 11 | C59: Poste de C.A.C. de 12 m/300 daN (Incluye perilla) | D59: u | E59: =+SUM(G59:AJ59) -> 3 | F59: CAC 12/300 | G59: =+IF($F59=G$10&" "&G$11,G$9,0) -> 0 | H59: =+IF($F59=H$10&" "&H$11,H$9,0) -> 1 | I59: =+IF($F59=I$10&" "&I$11,I$9,0) -> 1 | J59: =+IF($F59=J$10&" "&J$11,J$9,0) -> 1 | K59: =+IF($F59=K$10&" "&K$11,K$9,0) -> 0 | L59: =+IF($F59=L$10&" "&L$11,L$9,0) -> 0 | M59: =+IF($F59=M$10&" "&M$11,M$9,0) -> 0 | N59: =+IF($F59=N$10&" "&N$11,N$9,0) -> 0 | ... AJ59: =+IF($F59=AJ$10&" "&AJ$11,AJ$9,0) -> 0
A60: =+A59+0.01 -> 2.03 | B60: =+B59+1 -> 12 | C60: Poste de C.A.C. de 13 m/300 daN (Incluye perilla) | D60: u | E60: =+SUM(G60:AJ60) -> 0 | F60: CAC 13/300 | G60: =+IF($F60=G$10&" "&G$11,G$9,0) -> 0 | H60: =+IF($F60=H$10&" "&H$11,H$9,0) -> 0 | I60: =+IF($F60=I$10&" "&I$11,I$9,0) -> 0 | J60: =+IF($F60=J$10&" "&J$11,J$9,0) -> 0 | K60: =+IF($F60=K$10&" "&K$11,K$9,0) -> 0 | L60: =+IF($F60=L$10&" "&L$11,L$9,0) -> 0 | M60: =+IF($F60=M$10&" "&M$11,M$9,0) -> 0 | N60: =+IF($F60=N$10&" "&N$11,N$9,0) -> 0 | ... AJ60: =+IF($F60=AJ$10&" "&AJ$11,AJ$9,0) -> 0
A61: =+A60+0.01 -> 2.04 | B61: =+B60+1 -> 13 | C61: Poste de C.A.C. de 13 m/400 daN (Incluye perilla) | D61: u | E61: =+SUM(G61:AJ61) -> 0 | F61: CAC 13/400 | G61: =+IF($F61=G$10&" "&G$11,G$9,0) -> 0 | H61: =+IF($F61=H$10&" "&H$11,H$9,0) -> 0 | I61: =+IF($F61=I$10&" "&I$11,I$9,0) -> 0 | J61: =+IF($F61=J$10&" "&J$11,J$9,0) -> 0 | K61: =+IF($F61=K$10&" "&K$11,K$9,0) -> 0 | L61: =+IF($F61=L$10&" "&L$11,L$9,0) -> 0 | M61: =+IF($F61=M$10&" "&M$11,M$9,0) -> 0 | N61: =+IF($F61=N$10&" "&N$11,N$9,0) -> 0 | ... AJ61: =+IF($F61=AJ$10&" "&AJ$11,AJ$9,0) -> 0
B62: =+B61+1 -> 14
A63: 3 | B63: =+B62+1 -> 15 | C63: POSTES DE MADERA IMPORTADA
A64: =+A63+0.01 -> 3.01 | B64: =+B63+1 -> 16 | C64: Poste de madera importada (Pino Amarillo del Sur) de 12 m, Clase 5 | D64: u | E64: =+SUM(G64:AJ64) -> 0 | F64: MAD C5 | G64: =+IF($F64=G$10&" "&G$11,G$9,0) -> 0 | H64: =+IF($F64=H$10&" "&H$11,H$9,0) -> 0 | I64: =+IF($F64=I$10&" "&I$11,I$9,0) -> 0 | J64: =+IF($F64=J$10&" "&J$11,J$9,0) -> 0 | K64: =+IF($F64=K$10&" "&K$11,K$9,0) -> 0 | L64: =+IF($F64=L$10&" "&L$11,L$9,0) -> 0 | M64: =+IF($F64=M$10&" "&M$11,M$9,0) -> 0 | N64: =+IF($F64=N$10&" "&N$11,N$9,0) -> 0 | ... AJ64: =+IF($F64=AJ$10&" "&AJ$11,AJ$9,0) -> 0
B65: =+B64+1 -> 17
A66: 3.00A | B66: =+B65+1 -> 18 | C66: POSTES DE FIBRA DE VIDRIO
A67: =+A64+0.01 -> 3.02 | B67: =+B66+1 -> 19 | C67: Poste de PRFV de 12 m/200 daN | D67: u | E67: =+SUM(G67:AJ67) -> 0 | F67: PRFV 12/200 | G67: =+IF($F67=G$10&" "&G$11,G$9,0) -> 0 | H67: =+IF($F67=H$10&" "&H$11,H$9,0) -> 0 | I67: =+IF($F67=I$10&" "&I$11,I$9,0) -> 0 | J67: =+IF($F67=J$10&" "&J$11,J$9,0) -> 0 | K67: =+IF($F67=K$10&" "&K$11,K$9,0) -> 0 | L67: =+IF($F67=L$10&" "&L$11,L$9,0) -> 0 | M67: =+IF($F67=M$10&" "&M$11,M$9,0) -> 0 | N67: =+IF($F67=N$10&" "&N$11,N$9,0) -> 0 | ... AJ67: =+IF($F67=AJ$10&" "&AJ$11,AJ$9,0) -> 0
A68: =+A67+0.01 -> 3.03 | B68: =+B67+1 -> 20 | C68: Poste de PRFV de 12 m/300 daN | D68: u | E68: =+SUM(G68:AJ68) -> 0 | F68: PRFV 12/300 | G68: =+IF($F68=G$10&" "&G$11,G$9,0) -> 0 | H68: =+IF($F68=H$10&" "&H$11,H$9,0) -> 0 | I68: =+IF($F68=I$10&" "&I$11,I$9,0) -> 0 | J68: =+IF($F68=J$10&" "&J$11,J$9,0) -> 0 | K68: =+IF($F68=K$10&" "&K$11,K$9,0) -> 0 | L68: =+IF($F68=L$10&" "&L$11,L$9,0) -> 0 | M68: =+IF($F68=M$10&" "&M$11,M$9,0) -> 0 | N68: =+IF($F68=N$10&" "&N$11,N$9,0) -> 0 | ... AJ68: =+IF($F68=AJ$10&" "&AJ$11,AJ$9,0) -> 0
B69: =+B68+1 -> 21
A70: =1+A63 -> 4 | B70: =+B69+1 -> 22 | C70: OTROS MATERIALES DE CONCRETO ARMADO
A71: =+A70+0.01 -> 4.01 | B71: =+B70+1 -> 23 | C71: Cruceta Asimétrica de C.A.V. Za / 1,5 / 0,9 / 250 / 200 / 100 daN (Za / L / L1/ T / F / V) | D71: u | E71: =+SUM(G71:AJ71) -> 0 | G71: =+HLOOKUP(G$3,ARMADO_RP,$B71,0)+HLOOKUP(G$4,ARMADO_RP,$B71,0) -> 0 | H71: =+HLOOKUP(H$3,ARMADO_RP,$B71,0)+HLOOKUP(H$4,ARMADO_RP,$B71,0) -> 0 | I71: =+HLOOKUP(I$3,ARMADO_RP,$B71,0)+HLOOKUP(I$4,ARMADO_RP,$B71,0) -> 0 | J71: =+HLOOKUP(J$3,ARMADO_RP,$B71,0)+HLOOKUP(J$4,ARMADO_RP,$B71,0) -> 0 | K71: =+HLOOKUP(K$3,ARMADO_RP,$B71,0)+HLOOKUP(K$4,ARMADO_RP,$B71,0) -> 0 | L71: =+HLOOKUP(L$3,ARMADO_RP,$B71,0)+HLOOKUP(L$4,ARMADO_RP,$B71,0) -> 0 | M71: =+HLOOKUP(M$3,ARMADO_RP,$B71,0)+HLOOKUP(M$4,ARMADO_RP,$B71,0) -> 0 | N71: =+HLOOKUP(N$3,ARMADO_RP,$B71,0)+HLOOKUP(N$4,ARMADO_RP,$B71,0) -> 0 | ... AJ71: =+HLOOKUP(AJ$3,ARMADO_RP,$B71,0)+HLOOKUP(AJ$4,ARMADO_RP,$B71,0) -> 0
A72: =+A71+0.01 -> 4.02 | B72: =+B71+1 -> 24 | C72: Ménsula de C.A.V. M / 1,2 / 250 / 150 / 150 daN (M / L / T / F / V) | D72: u | E72: =+SUM(G72:AJ72) -> 0 | G72: =+HLOOKUP(G$3,ARMADO_RP,$B72,0)+HLOOKUP(G$4,ARMADO_RP,$B72,0) -> 0 | H72: =+HLOOKUP(H$3,ARMADO_RP,$B72,0)+HLOOKUP(H$4,ARMADO_RP,$B72,0) -> 0 | I72: =+HLOOKUP(I$3,ARMADO_RP,$B72,0)+HLOOKUP(I$4,ARMADO_RP,$B72,0) -> 0 | J72: =+HLOOKUP(J$3,ARMADO_RP,$B72,0)+HLOOKUP(J$4,ARMADO_RP,$B72,0) -> 0 | K72: =+HLOOKUP(K$3,ARMADO_RP,$B72,0)+HLOOKUP(K$4,ARMADO_RP,$B72,0) -> 0 | L72: =+HLOOKUP(L$3,ARMADO_RP,$B72,0)+HLOOKUP(L$4,ARMADO_RP,$B72,0) -> 0 | M72: =+HLOOKUP(M$3,ARMADO_RP,$B72,0)+HLOOKUP(M$4,ARMADO_RP,$B72,0) -> 0 | N72: =+HLOOKUP(N$3,ARMADO_RP,$B72,0)+HLOOKUP(N$4,ARMADO_RP,$B72,0) -> 0 | ... AJ72: =+HLOOKUP(AJ$3,ARMADO_RP,$B72,0)+HLOOKUP(AJ$4,ARMADO_RP,$B72,0) -> 0
A73: =+A72+0.01 -> 4.03 | B73: =+B72+1 -> 25 | C73: Plataforma de Concreto Soporte de Transformador de 2,20 m, carga de trabajo de 500 daN | D73: u | E73: =+SUM(G73:AJ73) -> 0 | G73: =+HLOOKUP(G$3,ARMADO_RP,$B73,0)+HLOOKUP(G$4,ARMADO_RP,$B73,0) -> 0 | H73: =+HLOOKUP(H$3,ARMADO_RP,$B73,0)+HLOOKUP(H$4,ARMADO_RP,$B73,0) -> 0 | I73: =+HLOOKUP(I$3,ARMADO_RP,$B73,0)+HLOOKUP(I$4,ARMADO_RP,$B73,0) -> 0 | J73: =+HLOOKUP(J$3,ARMADO_RP,$B73,0)+HLOOKUP(J$4,ARMADO_RP,$B73,0) -> 0 | K73: =+HLOOKUP(K$3,ARMADO_RP,$B73,0)+HLOOKUP(K$4,ARMADO_RP,$B73,0) -> 0 | L73: =+HLOOKUP(L$3,ARMADO_RP,$B73,0)+HLOOKUP(L$4,ARMADO_RP,$B73,0) -> 0 | M73: =+HLOOKUP(M$3,ARMADO_RP,$B73,0)+HLOOKUP(M$4,ARMADO_RP,$B73,0) -> 0 | N73: =+HLOOKUP(N$3,ARMADO_RP,$B73,0)+HLOOKUP(N$4,ARMADO_RP,$B73,0) -> 0 | ... AJ73: =+HLOOKUP(AJ$3,ARMADO_RP,$B73,0)+HLOOKUP(AJ$4,ARMADO_RP,$B73,0) -> 0
B74: =+B73+1 -> 26
A75: =1+A70 -> 5 | B75: =+B74+1 -> 27 | C75: AISLADORES Y ACCESORIOS
A76: =+A75+0.01 -> 5.01 | B76: =+B75+1 -> 28 | C76: Aislador de Porcelana Tipo Pin, Clase ANSI 56-3 | D76: u | E76: =+SUM(G76:AJ76) -> 3 | G76: =+HLOOKUP(G$3,ARMADO_RP,$B76,0)+HLOOKUP(G$4,ARMADO_RP,$B76,0) -> 0 | H76: =+HLOOKUP(H$3,ARMADO_RP,$B76,0)+HLOOKUP(H$4,ARMADO_RP,$B76,0) -> 1 | I76: =+HLOOKUP(I$3,ARMADO_RP,$B76,0)+HLOOKUP(I$4,ARMADO_RP,$B76,0) -> 1 | J76: =+HLOOKUP(J$3,ARMADO_RP,$B76,0)+HLOOKUP(J$4,ARMADO_RP,$B76,0) -> 1 | K76: =+HLOOKUP(K$3,ARMADO_RP,$B76,0)+HLOOKUP(K$4,ARMADO_RP,$B76,0) -> 0 | L76: =+HLOOKUP(L$3,ARMADO_RP,$B76,0)+HLOOKUP(L$4,ARMADO_RP,$B76,0) -> 0 | M76: =+HLOOKUP(M$3,ARMADO_RP,$B76,0)+HLOOKUP(M$4,ARMADO_RP,$B76,0) -> 0 | N76: =+HLOOKUP(N$3,ARMADO_RP,$B76,0)+HLOOKUP(N$4,ARMADO_RP,$B76,0) -> 0 | ... AJ76: =+HLOOKUP(AJ$3,ARMADO_RP,$B76,0)+HLOOKUP(AJ$4,ARMADO_RP,$B76,0) -> 0
A77: =+A76+0.01 -> 5.02 | B77: =+B76+1 -> 29 | C77: Espiga de AºGº de 609 mm longitud, para Cabeza de Poste y Aislador ANSI 56-3 | D77: u | E77: =+SUM(G77:AJ77) -> 3 | G77: =+HLOOKUP(G$3,ARMADO_RP,$B77,0)+HLOOKUP(G$4,ARMADO_RP,$B77,0) -> 0 | H77: =+HLOOKUP(H$3,ARMADO_RP,$B77,0)+HLOOKUP(H$4,ARMADO_RP,$B77,0) -> 1 | I77: =+HLOOKUP(I$3,ARMADO_RP,$B77,0)+HLOOKUP(I$4,ARMADO_RP,$B77,0) -> 1 | J77: =+HLOOKUP(J$3,ARMADO_RP,$B77,0)+HLOOKUP(J$4,ARMADO_RP,$B77,0) -> 1 | K77: =+HLOOKUP(K$3,ARMADO_RP,$B77,0)+HLOOKUP(K$4,ARMADO_RP,$B77,0) -> 0 | L77: =+HLOOKUP(L$3,ARMADO_RP,$B77,0)+HLOOKUP(L$4,ARMADO_RP,$B77,0) -> 0 | M77: =+HLOOKUP(M$3,ARMADO_RP,$B77,0)+HLOOKUP(M$4,ARMADO_RP,$B77,0) -> 0 | N77: =+HLOOKUP(N$3,ARMADO_RP,$B77,0)+HLOOKUP(N$4,ARMADO_RP,$B77,0) -> 0 | ... AJ77: =+HLOOKUP(AJ$3,ARMADO_RP,$B77,0)+HLOOKUP(AJ$4,ARMADO_RP,$B77,0) -> 0
A78: =+A77+0.01 -> 5.03 | B78: =+B77+1 -> 30 | C78: Conjunto Aislador Line Post Polimérico en Cruceta: | E78: =+SUM(G78:AJ78) -> 0 | G78: =+HLOOKUP(G$3,ARMADO_RP,$B78,0)+HLOOKUP(G$4,ARMADO_RP,$B78,0) -> 0 | H78: =+HLOOKUP(H$3,ARMADO_RP,$B78,0)+HLOOKUP(H$4,ARMADO_RP,$B78,0) -> 0 | I78: =+HLOOKUP(I$3,ARMADO_RP,$B78,0)+HLOOKUP(I$4,ARMADO_RP,$B78,0) -> 0 | J78: =+HLOOKUP(J$3,ARMADO_RP,$B78,0)+HLOOKUP(J$4,ARMADO_RP,$B78,0) -> 0 | K78: =+HLOOKUP(K$3,ARMADO_RP,$B78,0)+HLOOKUP(K$4,ARMADO_RP,$B78,0) -> 0 | L78: =+HLOOKUP(L$3,ARMADO_RP,$B78,0)+HLOOKUP(L$4,ARMADO_RP,$B78,0) -> 0 | M78: =+HLOOKUP(M$3,ARMADO_RP,$B78,0)+HLOOKUP(M$4,ARMADO_RP,$B78,0) -> 0 | N78: =+HLOOKUP(N$3,ARMADO_RP,$B78,0)+HLOOKUP(N$4,ARMADO_RP,$B78,0) -> 0 | ... AJ78: =+HLOOKUP(AJ$3,ARMADO_RP,$B78,0)+HLOOKUP(AJ$4,ARMADO_RP,$B78,0) -> 0
B79: =+B78+1 -> 31 | C79: - Aislador Polimérico de 36 kV, Tipo Line Post con Espárrago de 19 mm Ø, 200 mm longitud (Alternativa a Conjunto Aislador-Espiga en Cruceta) | D79: u | E79: =+SUM(G79:AJ79) -> 0 | G79: =+HLOOKUP(G$3,ARMADO_RP,$B79,0)+HLOOKUP(G$4,ARMADO_RP,$B79,0) -> 0 | H79: =+HLOOKUP(H$3,ARMADO_RP,$B79,0)+HLOOKUP(H$4,ARMADO_RP,$B79,0) -> 0 | I79: =+HLOOKUP(I$3,ARMADO_RP,$B79,0)+HLOOKUP(I$4,ARMADO_RP,$B79,0) -> 0 | J79: =+HLOOKUP(J$3,ARMADO_RP,$B79,0)+HLOOKUP(J$4,ARMADO_RP,$B79,0) -> 0 | K79: =+HLOOKUP(K$3,ARMADO_RP,$B79,0)+HLOOKUP(K$4,ARMADO_RP,$B79,0) -> 0 | L79: =+HLOOKUP(L$3,ARMADO_RP,$B79,0)+HLOOKUP(L$4,ARMADO_RP,$B79,0) -> 0 | M79: =+HLOOKUP(M$3,ARMADO_RP,$B79,0)+HLOOKUP(M$4,ARMADO_RP,$B79,0) -> 0 | N79: =+HLOOKUP(N$3,ARMADO_RP,$B79,0)+HLOOKUP(N$4,ARMADO_RP,$B79,0) -> 0 | ... AJ79: =+HLOOKUP(AJ$3,ARMADO_RP,$B79,0)+HLOOKUP(AJ$4,ARMADO_RP,$B79,0) -> 0
A80: 5.04 | B80: =+B79+1 -> 32 | C80: Espiga para cruceta, forjada de 381mm LONG. Para aislador Tipo Pin, Clase ANSI 56-3 | D80: u | E80: =+SUM(G80:AJ80) -> 0 | G80: =+HLOOKUP(G$3,ARMADO_RP,$B80,0)+HLOOKUP(G$4,ARMADO_RP,$B80,0) -> 0 | H80: =+HLOOKUP(H$3,ARMADO_RP,$B80,0)+HLOOKUP(H$4,ARMADO_RP,$B80,0) -> 0 | I80: =+HLOOKUP(I$3,ARMADO_RP,$B80,0)+HLOOKUP(I$4,ARMADO_RP,$B80,0) -> 0 | J80: =+HLOOKUP(J$3,ARMADO_RP,$B80,0)+HLOOKUP(J$4,ARMADO_RP,$B80,0) -> 0 | K80: =+HLOOKUP(K$3,ARMADO_RP,$B80,0)+HLOOKUP(K$4,ARMADO_RP,$B80,0) -> 0 | L80: =+HLOOKUP(L$3,ARMADO_RP,$B80,0)+HLOOKUP(L$4,ARMADO_RP,$B80,0) -> 0 | M80: =+HLOOKUP(M$3,ARMADO_RP,$B80,0)+HLOOKUP(M$4,ARMADO_RP,$B80,0) -> 0 | N80: =+HLOOKUP(N$3,ARMADO_RP,$B80,0)+HLOOKUP(N$4,ARMADO_RP,$B80,0) -> 0 | ... AJ80: =+HLOOKUP(AJ$3,ARMADO_RP,$B80,0)+HLOOKUP(AJ$4,ARMADO_RP,$B80,0) -> 0
B81: =+B80+1 -> 33
A82: =1+A75 -> 6 | B82: =+B81+1 -> 34 | C82: AISLADORES DE SUSPENSIÓN Y ACCESORIOS
A83: =+A82+0.01 -> 6.01 | B83: =+B82+1 -> 35 | C83: Grillete Recto | D83: u | E83: =+SUM(G83:AJ83) -> 2 | G83: =+HLOOKUP(G$3,ARMADO_RP,$B83,0)+HLOOKUP(G$4,ARMADO_RP,$B83,0) -> 0 | H83: =+HLOOKUP(H$3,ARMADO_RP,$B83,0)+HLOOKUP(H$4,ARMADO_RP,$B83,0) -> 1 | I83: =+HLOOKUP(I$3,ARMADO_RP,$B83,0)+HLOOKUP(I$4,ARMADO_RP,$B83,0) -> 1 | J83: =+HLOOKUP(J$3,ARMADO_RP,$B83,0)+HLOOKUP(J$4,ARMADO_RP,$B83,0) -> 0 | K83: =+HLOOKUP(K$3,ARMADO_RP,$B83,0)+HLOOKUP(K$4,ARMADO_RP,$B83,0) -> 0 | L83: =+HLOOKUP(L$3,ARMADO_RP,$B83,0)+HLOOKUP(L$4,ARMADO_RP,$B83,0) -> 0 | M83: =+HLOOKUP(M$3,ARMADO_RP,$B83,0)+HLOOKUP(M$4,ARMADO_RP,$B83,0) -> 0 | N83: =+HLOOKUP(N$3,ARMADO_RP,$B83,0)+HLOOKUP(N$4,ARMADO_RP,$B83,0) -> 0 | ... AJ83: =+HLOOKUP(AJ$3,ARMADO_RP,$B83,0)+HLOOKUP(AJ$4,ARMADO_RP,$B83,0) -> 0
A84: =+A83+0.01 -> 6.02 | B84: =+B83+1 -> 36 | C84: Aislador Polimerico con Conexión Horquilla (Estructura) y Lengüeta (Linea) de 36 kV, según Especificacion Técnica. | D84: u | E84: =+SUM(G84:AJ84) -> 2 | G84: =+HLOOKUP(G$3,ARMADO_RP,$B84,0)+HLOOKUP(G$4,ARMADO_RP,$B84,0) -> 0 | H84: =+HLOOKUP(H$3,ARMADO_RP,$B84,0)+HLOOKUP(H$4,ARMADO_RP,$B84,0) -> 1 | I84: =+HLOOKUP(I$3,ARMADO_RP,$B84,0)+HLOOKUP(I$4,ARMADO_RP,$B84,0) -> 1 | J84: =+HLOOKUP(J$3,ARMADO_RP,$B84,0)+HLOOKUP(J$4,ARMADO_RP,$B84,0) -> 0 | K84: =+HLOOKUP(K$3,ARMADO_RP,$B84,0)+HLOOKUP(K$4,ARMADO_RP,$B84,0) -> 0 | L84: =+HLOOKUP(L$3,ARMADO_RP,$B84,0)+HLOOKUP(L$4,ARMADO_RP,$B84,0) -> 0 | M84: =+HLOOKUP(M$3,ARMADO_RP,$B84,0)+HLOOKUP(M$4,ARMADO_RP,$B84,0) -> 0 | N84: =+HLOOKUP(N$3,ARMADO_RP,$B84,0)+HLOOKUP(N$4,ARMADO_RP,$B84,0) -> 0 | ... AJ84: =+HLOOKUP(AJ$3,ARMADO_RP,$B84,0)+HLOOKUP(AJ$4,ARMADO_RP,$B84,0) -> 0
B85: =+B84+1 -> 37
A86: =1+A82 -> 7 | B86: =+B85+1 -> 38 | C86: CONDUCTOR DE ALEACIÓN DE ALUMINIO
A87: =+A86+0.01 -> 7.01 | B87: =+B86+1 -> 39 | C87: Conductor de Aleacion de Aluminio de 35 mm² | D87: km | E87: =+SUM(G87:AJ87) -> 0.1007055 | F87: 35 mm² AAAC | G87: =+IF($F87=G$13,G$12*f_cond*G$14/1000,0) -> 0 | H87: =+IF($F87=H$13,H$12*f_cond*H$14/1000,0) -> 0.022977 | I87: =+IF($F87=I$13,I$12*f_cond*I$14/1000,0) -> 0.0468855 | J87: =+IF($F87=J$13,J$12*f_cond*J$14/1000,0) -> 0.030843 | K87: =+IF($F87=K$13,K$12*f_cond*K$14/1000,0) -> 0 | L87: =+IF($F87=L$13,L$12*f_cond*L$14/1000,0) -> 0 | M87: =+IF($F87=M$13,M$12*f_cond*M$14/1000,0) -> 0 | N87: =+IF($F87=N$13,N$12*f_cond*N$14/1000,0) -> 0 | ... AJ87: =+IF($F87=AJ$13,AJ$12*f_cond*AJ$14/1000,0) -> 0
B88: =+B87+1 -> 40
A89: =A86+1 -> 8 | B89: =+B88+1 -> 41 | C89: ACCESORIOS PARA CONDUCTOR DE ALEACION ALUMINIO
A90: =+A89+0.01 -> 8.01 | B90: =+B89+1 -> 42 | C90: Varilla de Armar preformada Simple para Conductor de 35 mm² | D90: u | E90: =+SUM(G90:AJ90) -> 1 | G90: =+HLOOKUP(G$3,ARMADO_RP,$B90,0)+HLOOKUP(G$4,ARMADO_RP,$B90,0) -> 0 | H90: =+HLOOKUP(H$3,ARMADO_RP,$B90,0)+HLOOKUP(H$4,ARMADO_RP,$B90,0) -> 0 | I90: =+HLOOKUP(I$3,ARMADO_RP,$B90,0)+HLOOKUP(I$4,ARMADO_RP,$B90,0) -> 0 | J90: =+HLOOKUP(J$3,ARMADO_RP,$B90,0)+HLOOKUP(J$4,ARMADO_RP,$B90,0) -> 1 | K90: =+HLOOKUP(K$3,ARMADO_RP,$B90,0)+HLOOKUP(K$4,ARMADO_RP,$B90,0) -> 0 | L90: =+HLOOKUP(L$3,ARMADO_RP,$B90,0)+HLOOKUP(L$4,ARMADO_RP,$B90,0) -> 0 | M90: =+HLOOKUP(M$3,ARMADO_RP,$B90,0)+HLOOKUP(M$4,ARMADO_RP,$B90,0) -> 0 | N90: =+HLOOKUP(N$3,ARMADO_RP,$B90,0)+HLOOKUP(N$4,ARMADO_RP,$B90,0) -> 0 | ... AJ90: =+HLOOKUP(AJ$3,ARMADO_RP,$B90,0)+HLOOKUP(AJ$4,ARMADO_RP,$B90,0) -> 0
A91: =+A90+0.01 -> 8.02 | B91: =+B90+1 -> 43 | C91: Grapa de Doble Via de Aluminio para Conductor de 35 mm² | D91: u | E91: =+SUM(G91:AJ91) -> 2 | G91: =+HLOOKUP(G$3,ARMADO_RP,$B91,0)+HLOOKUP(G$4,ARMADO_RP,$B91,0) -> 2 | H91: =+HLOOKUP(H$3,ARMADO_RP,$B91,0)+HLOOKUP(H$4,ARMADO_RP,$B91,0) -> 0 | I91: =+HLOOKUP(I$3,ARMADO_RP,$B91,0)+HLOOKUP(I$4,ARMADO_RP,$B91,0) -> 0 | J91: =+HLOOKUP(J$3,ARMADO_RP,$B91,0)+HLOOKUP(J$4,ARMADO_RP,$B91,0) -> 0 | K91: =+HLOOKUP(K$3,ARMADO_RP,$B91,0)+HLOOKUP(K$4,ARMADO_RP,$B91,0) -> 0 | L91: =+HLOOKUP(L$3,ARMADO_RP,$B91,0)+HLOOKUP(L$4,ARMADO_RP,$B91,0) -> 0 | M91: =+HLOOKUP(M$3,ARMADO_RP,$B91,0)+HLOOKUP(M$4,ARMADO_RP,$B91,0) -> 0 | N91: =+HLOOKUP(N$3,ARMADO_RP,$B91,0)+HLOOKUP(N$4,ARMADO_RP,$B91,0) -> 0 | ... AJ91: =+HLOOKUP(AJ$3,ARMADO_RP,$B91,0)+HLOOKUP(AJ$4,ARMADO_RP,$B91,0) -> 0
A92: =+A91+0.01 -> 8.03 | B92: =+B91+1 -> 44 | C92: Alambre de Amarre Aluminio Recocido de 16 mm² | D92: m | E92: =+SUM(G92:AJ92) -> 10 | G92: =+HLOOKUP(G$3,ARMADO_RP,$B92,0)+HLOOKUP(G$4,ARMADO_RP,$B92,0) -> 2.5 | H92: =+HLOOKUP(H$3,ARMADO_RP,$B92,0)+HLOOKUP(H$4,ARMADO_RP,$B92,0) -> 2.5 | I92: =+HLOOKUP(I$3,ARMADO_RP,$B92,0)+HLOOKUP(I$4,ARMADO_RP,$B92,0) -> 2.5 | J92: =+HLOOKUP(J$3,ARMADO_RP,$B92,0)+HLOOKUP(J$4,ARMADO_RP,$B92,0) -> 2.5 | K92: =+HLOOKUP(K$3,ARMADO_RP,$B92,0)+HLOOKUP(K$4,ARMADO_RP,$B92,0) -> 0 | L92: =+HLOOKUP(L$3,ARMADO_RP,$B92,0)+HLOOKUP(L$4,ARMADO_RP,$B92,0) -> 0 | M92: =+HLOOKUP(M$3,ARMADO_RP,$B92,0)+HLOOKUP(M$4,ARMADO_RP,$B92,0) -> 0 | N92: =+HLOOKUP(N$3,ARMADO_RP,$B92,0)+HLOOKUP(N$4,ARMADO_RP,$B92,0) -> 0 | ... AJ92: =+HLOOKUP(AJ$3,ARMADO_RP,$B92,0)+HLOOKUP(AJ$4,ARMADO_RP,$B92,0) -> 0
A93: =+A92+0.01 -> 8.04 | B93: =+B92+1 -> 45 | C93: Grapa de Anclaje para Conductor de 35 mm² | D93: u | E93: =+SUM(G93:AJ93) -> 2 | G93: =+HLOOKUP(G$3,ARMADO_RP,$B93,0)+HLOOKUP(G$4,ARMADO_RP,$B93,0) -> 0 | H93: =+HLOOKUP(H$3,ARMADO_RP,$B93,0)+HLOOKUP(H$4,ARMADO_RP,$B93,0) -> 1 | I93: =+HLOOKUP(I$3,ARMADO_RP,$B93,0)+HLOOKUP(I$4,ARMADO_RP,$B93,0) -> 1 | J93: =+HLOOKUP(J$3,ARMADO_RP,$B93,0)+HLOOKUP(J$4,ARMADO_RP,$B93,0) -> 0 | K93: =+HLOOKUP(K$3,ARMADO_RP,$B93,0)+HLOOKUP(K$4,ARMADO_RP,$B93,0) -> 0 | L93: =+HLOOKUP(L$3,ARMADO_RP,$B93,0)+HLOOKUP(L$4,ARMADO_RP,$B93,0) -> 0 | M93: =+HLOOKUP(M$3,ARMADO_RP,$B93,0)+HLOOKUP(M$4,ARMADO_RP,$B93,0) -> 0 | N93: =+HLOOKUP(N$3,ARMADO_RP,$B93,0)+HLOOKUP(N$4,ARMADO_RP,$B93,0) -> 0 | ... AJ93: =+HLOOKUP(AJ$3,ARMADO_RP,$B93,0)+HLOOKUP(AJ$4,ARMADO_RP,$B93,0) -> 0
A94: =+A93+0.01 -> 8.05 | B94: =+B93+1 -> 46 | C94: Varilla de Armar preformada Doble para Conductor de 35 mm² | D94: u | E94: =+SUM(G94:AJ94) -> 0 | G94: =+HLOOKUP(G$3,ARMADO_RP,$B94,0)+HLOOKUP(G$4,ARMADO_RP,$B94,0) -> 0 | H94: =+HLOOKUP(H$3,ARMADO_RP,$B94,0)+HLOOKUP(H$4,ARMADO_RP,$B94,0) -> 0 | I94: =+HLOOKUP(I$3,ARMADO_RP,$B94,0)+HLOOKUP(I$4,ARMADO_RP,$B94,0) -> 0 | J94: =+HLOOKUP(J$3,ARMADO_RP,$B94,0)+HLOOKUP(J$4,ARMADO_RP,$B94,0) -> 0 | K94: =+HLOOKUP(K$3,ARMADO_RP,$B94,0)+HLOOKUP(K$4,ARMADO_RP,$B94,0) -> 0 | L94: =+HLOOKUP(L$3,ARMADO_RP,$B94,0)+HLOOKUP(L$4,ARMADO_RP,$B94,0) -> 0 | M94: =+HLOOKUP(M$3,ARMADO_RP,$B94,0)+HLOOKUP(M$4,ARMADO_RP,$B94,0) -> 0 | N94: =+HLOOKUP(N$3,ARMADO_RP,$B94,0)+HLOOKUP(N$4,ARMADO_RP,$B94,0) -> 0 | ... AJ94: =+HLOOKUP(AJ$3,ARMADO_RP,$B94,0)+HLOOKUP(AJ$4,ARMADO_RP,$B94,0) -> 0
A95: =+A94+0.01 -> 8.06 | B95: =+B94+1 -> 47 | C95: Cinta plana de armar de aluminio | D95: m | E95: =+SUM(G95:AJ95) -> 1.2 | G95: =+HLOOKUP(G$3,ARMADO_RP,$B95,0)+HLOOKUP(G$4,ARMADO_RP,$B95,0) -> 0 | H95: =+HLOOKUP(H$3,ARMADO_RP,$B95,0)+HLOOKUP(H$4,ARMADO_RP,$B95,0) -> 0.6 | I95: =+HLOOKUP(I$3,ARMADO_RP,$B95,0)+HLOOKUP(I$4,ARMADO_RP,$B95,0) -> 0.6 | J95: =+HLOOKUP(J$3,ARMADO_RP,$B95,0)+HLOOKUP(J$4,ARMADO_RP,$B95,0) -> 0 | K95: =+HLOOKUP(K$3,ARMADO_RP,$B95,0)+HLOOKUP(K$4,ARMADO_RP,$B95,0) -> 0 | L95: =+HLOOKUP(L$3,ARMADO_RP,$B95,0)+HLOOKUP(L$4,ARMADO_RP,$B95,0) -> 0 | M95: =+HLOOKUP(M$3,ARMADO_RP,$B95,0)+HLOOKUP(M$4,ARMADO_RP,$B95,0) -> 0 | N95: =+HLOOKUP(N$3,ARMADO_RP,$B95,0)+HLOOKUP(N$4,ARMADO_RP,$B95,0) -> 0 | ... AJ95: =+HLOOKUP(AJ$3,ARMADO_RP,$B95,0)+HLOOKUP(AJ$4,ARMADO_RP,$B95,0) -> 0
B96: =+B95+1 -> 48
A97: =1+A89 -> 9 | B97: =+B96+1 -> 49 | C97: CONDUCTOR DE COBRE
A98: =A97+0.01 -> 9.01 | B98: =+B97+1 -> 50 | C98: Cable de Acero con Recubrimiento Metalúrgico de Cu de 4 AWG (21,15 mm²), para Puesta a Tierra | D98: m | E98: =+SUM(G98:AJ98) -> 23 | G98: =+HLOOKUP(G$3,ARMADO_RP,$B98,0)+HLOOKUP(G$4,ARMADO_RP,$B98,0)+HLOOKUP(G$19,ARMADO_RP,$B98,0) -> 0 | H98: =+HLOOKUP(H$3,ARMADO_RP,$B98,0)+HLOOKUP(H$4,ARMADO_RP,$B98,0)+HLOOKUP(H$19,ARMADO_RP,$B98,0) -> 0 | I98: =+HLOOKUP(I$3,ARMADO_RP,$B98,0)+HLOOKUP(I$4,ARMADO_RP,$B98,0)+HLOOKUP(I$19,ARMADO_RP,$B98,0) -> 0 | J98: =+HLOOKUP(J$3,ARMADO_RP,$B98,0)+HLOOKUP(J$4,ARMADO_RP,$B98,0)+HLOOKUP(J$19,ARMADO_RP,$B98,0) -> 23 | K98: =+HLOOKUP(K$3,ARMADO_RP,$B98,0)+HLOOKUP(K$4,ARMADO_RP,$B98,0)+HLOOKUP(K$19,ARMADO_RP,$B98,0) -> 0 | L98: =+HLOOKUP(L$3,ARMADO_RP,$B98,0)+HLOOKUP(L$4,ARMADO_RP,$B98,0)+HLOOKUP(L$19,ARMADO_RP,$B98,0) -> 0 | M98: =+HLOOKUP(M$3,ARMADO_RP,$B98,0)+HLOOKUP(M$4,ARMADO_RP,$B98,0)+HLOOKUP(M$19,ARMADO_RP,$B98,0) -> 0 | N98: =+HLOOKUP(N$3,ARMADO_RP,$B98,0)+HLOOKUP(N$4,ARMADO_RP,$B98,0)+HLOOKUP(N$19,ARMADO_RP,$B98,0) -> 0 | ... AJ98: =+HLOOKUP(AJ$3,ARMADO_RP,$B98,0)+HLOOKUP(AJ$4,ARMADO_RP,$B98,0)+HLOOKUP(AJ$19,ARMADO_RP,$B98,0) -> 0
B99: =+B98+1 -> 51
A100: =1+A97 -> 10 | B100: =+B99+1 -> 52 | C100: MATERIAL DE FERRETERIA PARA POSTES Y CRUCETAS
A101: =+A100+0.01 -> 10.01 | B101: =+B100+1 -> 53 | C101: Perno Cabeza Coche de AºGº de 13 mm Ø x 152 mm longitud, 76 mm maquinado, con Arandela, Tuerca y Contratuerca | D101: u | E101: =+SUM(G101:AJ101) -> 1 | G101: =+HLOOKUP(G$3,ARMADO_RP,$B101,0)+HLOOKUP(G$4,ARMADO_RP,$B101,0) -> 0 | H101: =+HLOOKUP(H$3,ARMADO_RP,$B101,0)+HLOOKUP(H$4,ARMADO_RP,$B101,0) -> 0 | I101: =+HLOOKUP(I$3,ARMADO_RP,$B101,0)+HLOOKUP(I$4,ARMADO_RP,$B101,0) -> 0 | J101: =+HLOOKUP(J$3,ARMADO_RP,$B101,0)+HLOOKUP(J$4,ARMADO_RP,$B101,0) -> 1 | K101: =+HLOOKUP(K$3,ARMADO_RP,$B101,0)+HLOOKUP(K$4,ARMADO_RP,$B101,0) -> 0 | L101: =+HLOOKUP(L$3,ARMADO_RP,$B101,0)+HLOOKUP(L$4,ARMADO_RP,$B101,0) -> 0 | M101: =+HLOOKUP(M$3,ARMADO_RP,$B101,0)+HLOOKUP(M$4,ARMADO_RP,$B101,0) -> 0 | N101: =+HLOOKUP(N$3,ARMADO_RP,$B101,0)+HLOOKUP(N$4,ARMADO_RP,$B101,0) -> 0 | ... AJ101: =+HLOOKUP(AJ$3,ARMADO_RP,$B101,0)+HLOOKUP(AJ$4,ARMADO_RP,$B101,0) -> 0
A102: =+A101+0.01 -> 10.02 | B102: =+B101+1 -> 54 | C102: Perno de A°G° de 13 mm Ø x 305 mm, provisto de Tuerca y Contratuerca | D102: u | E102: =+SUM(G102:AJ102) -> 1 | G102: =+HLOOKUP(G$3,ARMADO_RP,$B102,0)+HLOOKUP(G$4,ARMADO_RP,$B102,0) -> 0 | H102: =+HLOOKUP(H$3,ARMADO_RP,$B102,0)+HLOOKUP(H$4,ARMADO_RP,$B102,0) -> 0 | I102: =+HLOOKUP(I$3,ARMADO_RP,$B102,0)+HLOOKUP(I$4,ARMADO_RP,$B102,0) -> 0 | J102: =+HLOOKUP(J$3,ARMADO_RP,$B102,0)+HLOOKUP(J$4,ARMADO_RP,$B102,0) -> 1 | K102: =+HLOOKUP(K$3,ARMADO_RP,$B102,0)+HLOOKUP(K$4,ARMADO_RP,$B102,0) -> 0 | L102: =+HLOOKUP(L$3,ARMADO_RP,$B102,0)+HLOOKUP(L$4,ARMADO_RP,$B102,0) -> 0 | M102: =+HLOOKUP(M$3,ARMADO_RP,$B102,0)+HLOOKUP(M$4,ARMADO_RP,$B102,0) -> 0 | N102: =+HLOOKUP(N$3,ARMADO_RP,$B102,0)+HLOOKUP(N$4,ARMADO_RP,$B102,0) -> 0 | ... AJ102: =+HLOOKUP(AJ$3,ARMADO_RP,$B102,0)+HLOOKUP(AJ$4,ARMADO_RP,$B102,0) -> 0
A103: =+A102+0.01 -> 10.03 | B103: =+B102+1 -> 55 | C103: Perno de A°G° de 16 mm Ø x 254 mm, provisto de Tuerca y Contratuerca | D103: u | E103: =+SUM(G103:AJ103) -> 6 | G103: =+HLOOKUP(G$3,ARMADO_RP,$B103,0)+HLOOKUP(G$4,ARMADO_RP,$B103,0) -> 0 | H103: =+HLOOKUP(H$3,ARMADO_RP,$B103,0)+HLOOKUP(H$4,ARMADO_RP,$B103,0) -> 2 | I103: =+HLOOKUP(I$3,ARMADO_RP,$B103,0)+HLOOKUP(I$4,ARMADO_RP,$B103,0) -> 2 | J103: =+HLOOKUP(J$3,ARMADO_RP,$B103,0)+HLOOKUP(J$4,ARMADO_RP,$B103,0) -> 2 | K103: =+HLOOKUP(K$3,ARMADO_RP,$B103,0)+HLOOKUP(K$4,ARMADO_RP,$B103,0) -> 0 | L103: =+HLOOKUP(L$3,ARMADO_RP,$B103,0)+HLOOKUP(L$4,ARMADO_RP,$B103,0) -> 0 | M103: =+HLOOKUP(M$3,ARMADO_RP,$B103,0)+HLOOKUP(M$4,ARMADO_RP,$B103,0) -> 0 | N103: =+HLOOKUP(N$3,ARMADO_RP,$B103,0)+HLOOKUP(N$4,ARMADO_RP,$B103,0) -> 0 | ... AJ103: =+HLOOKUP(AJ$3,ARMADO_RP,$B103,0)+HLOOKUP(AJ$4,ARMADO_RP,$B103,0) -> 0
A104: =+A103+0.01 -> 10.04 | B104: =+B103+1 -> 56 | C104: Perno de A°G° de 16 mm Ø x 305 mm, provisto de Tuerca y Contratuerca | D104: u | E104: =+SUM(G104:AJ104) -> 2 | G104: =+HLOOKUP(G$3,ARMADO_RP,$B104,0)+HLOOKUP(G$4,ARMADO_RP,$B104,0) -> 0 | H104: =+HLOOKUP(H$3,ARMADO_RP,$B104,0)+HLOOKUP(H$4,ARMADO_RP,$B104,0) -> 0 | I104: =+HLOOKUP(I$3,ARMADO_RP,$B104,0)+HLOOKUP(I$4,ARMADO_RP,$B104,0) -> 0 | J104: =+HLOOKUP(J$3,ARMADO_RP,$B104,0)+HLOOKUP(J$4,ARMADO_RP,$B104,0) -> 2 | K104: =+HLOOKUP(K$3,ARMADO_RP,$B104,0)+HLOOKUP(K$4,ARMADO_RP,$B104,0) -> 0 | L104: =+HLOOKUP(L$3,ARMADO_RP,$B104,0)+HLOOKUP(L$4,ARMADO_RP,$B104,0) -> 0 | M104: =+HLOOKUP(M$3,ARMADO_RP,$B104,0)+HLOOKUP(M$4,ARMADO_RP,$B104,0) -> 0 | N104: =+HLOOKUP(N$3,ARMADO_RP,$B104,0)+HLOOKUP(N$4,ARMADO_RP,$B104,0) -> 0 | ... AJ104: =+HLOOKUP(AJ$3,ARMADO_RP,$B104,0)+HLOOKUP(AJ$4,ARMADO_RP,$B104,0) -> 0
A105: =+A104+0.01 -> 10.05 | B105: =+B104+1 -> 57 | C105: Perno de A°G° de 16 mm Ø x 356 mm, provisto de Tuerca y Contratuerca | D105: u | E105: =+SUM(G105:AJ105) -> 1 | G105: =+HLOOKUP(G$3,ARMADO_RP,$B105,0)+HLOOKUP(G$4,ARMADO_RP,$B105,0) -> 0 | H105: =+HLOOKUP(H$3,ARMADO_RP,$B105,0)+HLOOKUP(H$4,ARMADO_RP,$B105,0) -> 0 | I105: =+HLOOKUP(I$3,ARMADO_RP,$B105,0)+HLOOKUP(I$4,ARMADO_RP,$B105,0) -> 0 | J105: =+HLOOKUP(J$3,ARMADO_RP,$B105,0)+HLOOKUP(J$4,ARMADO_RP,$B105,0) -> 1 | K105: =+HLOOKUP(K$3,ARMADO_RP,$B105,0)+HLOOKUP(K$4,ARMADO_RP,$B105,0) -> 0 | L105: =+HLOOKUP(L$3,ARMADO_RP,$B105,0)+HLOOKUP(L$4,ARMADO_RP,$B105,0) -> 0 | M105: =+HLOOKUP(M$3,ARMADO_RP,$B105,0)+HLOOKUP(M$4,ARMADO_RP,$B105,0) -> 0 | N105: =+HLOOKUP(N$3,ARMADO_RP,$B105,0)+HLOOKUP(N$4,ARMADO_RP,$B105,0) -> 0 | ... AJ105: =+HLOOKUP(AJ$3,ARMADO_RP,$B105,0)+HLOOKUP(AJ$4,ARMADO_RP,$B105,0) -> 0
A106: =+A105+0.01 -> 10.06 | B106: =+B105+1 -> 58 | C106: Perno Ojo de A°G° de 16 mm Ø x 254 mm, provisto de Tuerca y Contratuerca | D106: u | E106: =+SUM(G106:AJ106) -> 2 | G106: =+HLOOKUP(G$3,ARMADO_RP,$B106,0)+HLOOKUP(G$4,ARMADO_RP,$B106,0) -> 0 | H106: =+HLOOKUP(H$3,ARMADO_RP,$B106,0)+HLOOKUP(H$4,ARMADO_RP,$B106,0) -> 1 | I106: =+HLOOKUP(I$3,ARMADO_RP,$B106,0)+HLOOKUP(I$4,ARMADO_RP,$B106,0) -> 1 | J106: =+HLOOKUP(J$3,ARMADO_RP,$B106,0)+HLOOKUP(J$4,ARMADO_RP,$B106,0) -> 0 | K106: =+HLOOKUP(K$3,ARMADO_RP,$B106,0)+HLOOKUP(K$4,ARMADO_RP,$B106,0) -> 0 | L106: =+HLOOKUP(L$3,ARMADO_RP,$B106,0)+HLOOKUP(L$4,ARMADO_RP,$B106,0) -> 0 | M106: =+HLOOKUP(M$3,ARMADO_RP,$B106,0)+HLOOKUP(M$4,ARMADO_RP,$B106,0) -> 0 | N106: =+HLOOKUP(N$3,ARMADO_RP,$B106,0)+HLOOKUP(N$4,ARMADO_RP,$B106,0) -> 0 | ... AJ106: =+HLOOKUP(AJ$3,ARMADO_RP,$B106,0)+HLOOKUP(AJ$4,ARMADO_RP,$B106,0) -> 0
A107: =+A106+0.01 -> 10.07 | B107: =+B106+1 -> 59 | C107: Perno Doble Armado de A°G° de 16 mm Ø x 508 mm, provisto de 4 Tuercas y 4 Contratuercas | D107: u | E107: =+SUM(G107:AJ107) -> 0 | G107: =+HLOOKUP(G$3,ARMADO_RP,$B107,0)+HLOOKUP(G$4,ARMADO_RP,$B107,0) -> 0 | H107: =+HLOOKUP(H$3,ARMADO_RP,$B107,0)+HLOOKUP(H$4,ARMADO_RP,$B107,0) -> 0 | I107: =+HLOOKUP(I$3,ARMADO_RP,$B107,0)+HLOOKUP(I$4,ARMADO_RP,$B107,0) -> 0 | J107: =+HLOOKUP(J$3,ARMADO_RP,$B107,0)+HLOOKUP(J$4,ARMADO_RP,$B107,0) -> 0 | K107: =+HLOOKUP(K$3,ARMADO_RP,$B107,0)+HLOOKUP(K$4,ARMADO_RP,$B107,0) -> 0 | L107: =+HLOOKUP(L$3,ARMADO_RP,$B107,0)+HLOOKUP(L$4,ARMADO_RP,$B107,0) -> 0 | M107: =+HLOOKUP(M$3,ARMADO_RP,$B107,0)+HLOOKUP(M$4,ARMADO_RP,$B107,0) -> 0 | N107: =+HLOOKUP(N$3,ARMADO_RP,$B107,0)+HLOOKUP(N$4,ARMADO_RP,$B107,0) -> 0 | ... AJ107: =+HLOOKUP(AJ$3,ARMADO_RP,$B107,0)+HLOOKUP(AJ$4,ARMADO_RP,$B107,0) -> 0
A108: =+A107+0.01 -> 10.08 | B108: =+B107+1 -> 60 | C108: Tirafondo de A°G° de 13 mm ø x 102 mm de longitud | D108: u | E108: =+SUM(G108:AJ108) -> 0 | G108: =+HLOOKUP(G$3,ARMADO_RP,$B108,0)+HLOOKUP(G$4,ARMADO_RP,$B108,0) -> 0 | H108: =+HLOOKUP(H$3,ARMADO_RP,$B108,0)+HLOOKUP(H$4,ARMADO_RP,$B108,0) -> 0 | I108: =+HLOOKUP(I$3,ARMADO_RP,$B108,0)+HLOOKUP(I$4,ARMADO_RP,$B108,0) -> 0 | J108: =+HLOOKUP(J$3,ARMADO_RP,$B108,0)+HLOOKUP(J$4,ARMADO_RP,$B108,0) -> 0 | K108: =+HLOOKUP(K$3,ARMADO_RP,$B108,0)+HLOOKUP(K$4,ARMADO_RP,$B108,0) -> 0 | L108: =+HLOOKUP(L$3,ARMADO_RP,$B108,0)+HLOOKUP(L$4,ARMADO_RP,$B108,0) -> 0 | M108: =+HLOOKUP(M$3,ARMADO_RP,$B108,0)+HLOOKUP(M$4,ARMADO_RP,$B108,0) -> 0 | N108: =+HLOOKUP(N$3,ARMADO_RP,$B108,0)+HLOOKUP(N$4,ARMADO_RP,$B108,0) -> 0 | ... AJ108: =+HLOOKUP(AJ$3,ARMADO_RP,$B108,0)+HLOOKUP(AJ$4,ARMADO_RP,$B108,0) -> 0
...

Sheet M_02
G1: 1 | H1: =+G1+1 -> 2 | I1: =+H1+1 -> 3 | J1: =+I1+1 -> 4 | K1: =+J1+1 -> 5 | L1: =+K1+1 -> 6 | M1: =+L1+1 -> 7 | N1: =+M1+1 -> 8 | O1: =+N1+1 -> 9 | ... AJ1: =+AI1+1 -> 30
C2: N° Estructura | G2: {=+TRANSPOSE(P_02!B13:AD42)} -> 0 | H2: 1 | I2: 2 | J2: 3 | K2: 4 | L2: 5 | M2: 6 | N2: 0 | O2: 0 | P2: 0 | Q2: 0 | R2: 0 | S2: 0 | T2: 0 | U2: 0 | V2: 0 | W2: 0 | X2: 0 | Y2: 0 | Z2: 0 | AA2: 0 | AB2: 0 | AC2: 0 | AD2: 0 | AE2: 0 | AF2: 0 | AG2: 0 | AH2: 0 | AI2: 0 | AJ2: 0
C3: ARMADO | D3: Principal | G3: - | H3: TS-0 | I3: PA1-0 | J3: TS-0 | K3: PA1-0 | L3: PA1-0 | M3: PS1-0 | N3: - | O3: - | P3: - | Q3: - | R3: - | S3: - | T3: - | U3: - | V3: - | W3: - | X3: - | Y3: - | Z3: - | AA3: - | AB3: - | AC3: - | AD3: - | AE3: - | AF3: - | AG3: - | AH3: - | AI3: - | AJ3: -
D4: Auxiliar | G4: DS-0 | H4: - | I4: - | J4: - | K4: - | L4: - | M4: SMM-2P | N4: - | O4: - | P4: - | Q4: - | R4: - | S4: - | T4: - | U4: - | V4: - | W4: - | X4: - | Y4: - | Z4: - | AA4: - | AB4: - | AC4: - | AD4: - | AE4: - | AF4: - | AG4: - | AH4: - | AI4: - | AJ4: -
D5: Fusible | G5: - | H5: - | I5: - | J5: - | K5: - | L5: - | M5: 2A-K | N5: - | O5: - | P5: - | Q5: - | R5: - | S5: - | T5: - | U5: - | V5: - | W5: - | X5: - | Y5: - | Z5: - | AA5: - | AB5: - | AC5: - | AD5: - | AE5: - | AF5: - | AG5: - | AH5: - | AI5: - | AJ5: -
C6: SUEBSTACION | D6: Numero | G6: - | H6: - | I6: - | J6: - | K6: - | L6: - | M6: 01 | N6: - | O6: - | P6: - | Q6: - | R6: - | S6: - | T6: - | U6: - | V6: - | W6: - | X6: - | Y6: - | Z6: - | AA6: - | AB6: - | AC6: - | AD6: - | AE6: - | AF6: - | AG6: - | AH6: - | AI6: - | AJ6: -
D7: Nomenclatura | G7: - | H7: - | I7: - | J7: - | K7: - | L7: - | M7: 5kVA-1ø-13,2kV | N7: - | O7: - | P7: - | Q7: - | R7: - | S7: - | T7: - | U7: - | V7: - | W7: - | X7: - | Y7: - | Z7: - | AA7: - | AB7: - | AC7: - | AD7: - | AE7: - | AF7: - | AG7: - | AH7: - | AI7: - | AJ7: -
D8: Kva | G8: - | H8: - | I8: - | J8: - | K8: - | L8: - | M8: 5 | N8: - | O8: - | P8: - | Q8: - | R8: - | S8: - | T8: - | U8: - | V8: - | W8: - | X8: - | Y8: - | Z8: - | AA8: - | AB8: - | AC8: - | AD8: - | AE8: - | AF8: - | AG8: - | AH8: - | AI8: - | AJ8: -
C9: POSTE | D9: Cantidad | G9: 0 | H9: 1 | I9: 1 | J9: 1 | K9: 1 | L9: 1 | M9: 1 | N9: 0 | O9: 0 | P9: 0 | Q9: 0 | R9: 0 | S9: 0 | T9: 0 | U9: 0 | V9: 0 | W9: 0 | X9: 0 | Y9: 0 | Z9: 0 | AA9: 0 | AB9: 0 | AC9: 0 | AD9: 0 | AE9: 0 | AF9: 0 | AG9: 0 | AH9: 0 | AI9: 0 | AJ9: 0
D10: Tipo | G10: - | H10: CAC | I10: CAC | J10: CAC | K10: CAC | L10: CAC | M10: CAC | N10: - | O10: - | P10: - | Q10: - | R10: - | S10: - | T10: - | U10: - | V10: - | W10: - | X10: - | Y10: - | Z10: - | AA10: - | AB10: - | AC10: - | AD10: - | AE10: - | AF10: - | AG10: - | AH10: - | AI10: - | AJ10: -
D11: Longitud / Carga | G11: - | H11: 12/300 | I11: 12/300 | J11: 12/300 | K11: 12/300 | L11: 12/300 | M11: 12/300 | N11: - | O11: - | P11: - | Q11: - | R11: - | S11: - | T11: - | U11: - | V11: - | W11: - | X11: - | Y11: - | Z11: - | AA11: - | AB11: - | AC11: - | AD11: - | AE11: - | AF11: - | AG11: - | AH11: - | AI11: - | AJ11: -
C12: CONDUCTOR | D12: Vano Atrás | E12: m | G12: 0 | H12: 29 | I12: 115.4 | J12: 63.1 | K12: 36.4 | L12: 37.9 | M12: 38 | N12: - | O12: - | P12: - | Q12: - | R12: - | S12: - | T12: - | U12: - | V12: - | W12: - | X12: - | Y12: - | Z12: - | AA12: - | AB12: - | AC12: - | AD12: - | AE12: - | AF12: - | AG12: - | AH12: - | AI12: - | AJ12: -
D13: Sección | E13: mm² | G13: 35 mm² AAAC | H13: 35 mm² AAAC | I13: 35 mm² AAAC | J13: 35 mm² AAAC | K13: 35 mm² AAAC | L13: 35 mm² AAAC | M13: 35 mm² AAAC | N13: - | O13: - | P13: - | Q13: - | R13: - | S13: - | T13: - | U13: - | V13: - | W13: - | X13: - | Y13: - | Z13: - | AA13: - | AB13: - | AC13: - | AD13: - | AE13: - | AF13: - | AG13: - | AH13: - | AI13: - | AJ13: -
D14: Nº de | E14: Fases | G14: 1 | H14: 1 | I14: 1 | J14: 1 | K14: 1 | L14: 1 | M14: 1 | N14: - | O14: - | P14: - | Q14: - | R14: - | S14: - | T14: - | U14: - | V14: - | W14: - | X14: - | Y14: - | Z14: - | AA14: - | AB14: - | AC14: - | AD14: - | AE14: - | AF14: - | AG14: - | AH14: - | AI14: - | AJ14: -
C15: RETENIDAS | D15: RI-A | E15: [u] | G15: 0 | H15: 1 | I15: 1 | J15: 1 | K15: 0 | L15: 0 | M15: 0 | N15: 0 | O15: 0 | P15: 0 | Q15: 0 | R15: 0 | S15: 0 | T15: 0 | U15: 0 | V15: 0 | W15: 0 | X15: 0 | Y15: 0 | Z15: 0 | AA15: 0 | AB15: 0 | AC15: 0 | AD15: 0 | AE15: 0 | AF15: 0 | AG15: 0 | AH15: 0 | AI15: 0 | AJ15: 0
D16: RV-A | E16: [u] | G16: 0 | H16: 0 | I16: 0 | J16: 0 | K16: 0 | L16: 0 | M16: 0 | N16: 0 | O16: 0 | P16: 0 | Q16: 0 | R16: 0 | S16: 0 | T16: 0 | U16: 0 | V16: 0 | W16: 0 | X16: 0 | Y16: 0 | Z16: 0 | AA16: 0 | AB16: 0 | AC16: 0 | AD16: 0 | AE16: 0 | AF16: 0 | AG16: 0 | AH16: 0 | AI16: 0 | AJ16: 0
D17: RYI-A | E17: [u] | G17: 0 | H17: 0 | I17: 0 | J17: 0 | K17: 0 | L17: 0 | M17: 0 | N17: 0 | O17: 0 | P17: 0 | Q17: 0 | R17: 0 | S17: 0 | T17: 0 | U17: 0 | V17: 0 | W17: 0 | X17: 0 | Y17: 0 | Z17: 0 | AA17: 0 | AB17: 0 | AC17: 0 | AD17: 0 | AE17: 0 | AF17: 0 | AG17: 0 | AH17: 0 | AI17: 0 | AJ17: 0
D18: RYV-A | E18: [u] | G18: 0 | H18: 0 | I18: 0 | J18: 0 | K18: 0 | L18: 0 | M18: 0 | N18: 0 | O18: 0 | P18: 0 | Q18: 0 | R18: 0 | S18: 0 | T18: 0 | U18: 0 | V18: 0 | W18: 0 | X18: 0 | Y18: 0 | Z18: 0 | AA18: 0 | AB18: 0 | AC18: 0 | AD18: 0 | AE18: 0 | AF18: 0 | AG18: 0 | AH18: 0 | AI18: 0 | AJ18: 0
C19: PAT | D19: TIPO | G19: - | H19: PAT-1C | I19: PAT-1C | J19: PAT-1C | K19: PAT-1C | L19: PAT-1C | M19: PAT-3 | N19: - | O19: - | P19: - | Q19: - | R19: - | S19: - | T19: - | U19: - | V19: - | W19: - | X19: - | Y19: - | Z19: - | AA19: - | AB19: - | AC19: - | AD19: - | AE19: - | AF19: - | AG19: - | AH19: - | AI19: - | AJ19: -
C20: Cimentación | G20: - | H20: CI-C | I20: CI-C | J20: CI-C | K20: CI-C | L20: CI-C | M20: CI-C | N20: - | O20: - | P20: - | Q20: - | R20: - | S20: - | T20: - | U20: - | V20: - | W20: - | X20: - | Y20: - | Z20: - | AA20: - | AB20: - | AC20: - | AD20: - | AE20: - | AF20: - | AG20: - | AH20: - | AI20: - | AJ20: -
C21: Accesibilidad | G21: SI | H21: SI | I21: SI | J21: SI | K21: SI | L21: SI | M21: SI | N21: - | O21: - | P21: - | Q21: - | R21: - | S21: - | T21: - | U21: - | V21: - | W21: - | X21: - | Y21: - | Z21: - | AA21: - | AB21: - | AC21: - | AD21: - | AE21: - | AF21: - | AG21: - | AH21: - | AI21: - | AJ21: -
C22: Amortiguadores | G22: 0 | H22: 0 | I22: 0 | J22: 0 | K22: 0 | L22: 0 | M22: 0 | N22: - | O22: - | P22: - | Q22: - | R22: - | S22: - | T22: - | U22: - | V22: - | W22: - | X22: - | Y22: - | Z22: - | AA22: - | AB22: - | AC22: - | AD22: - | AE22: - | AF22: - | AG22: - | AH22: - | AI22: - | AJ22: -
C23: COORDENADAS WGS-84 | E23: ESTE | G23: 172081.9996 | H23: 172058.9236 | I23: 172038.253 | J23: 172036.9713 | K23: 172070.8955 | L23: 172079.0269 | M23: 172115.8626 | N23: - | O23: - | P23: - | Q23: - | R23: - | S23: - | T23: - | U23: - | V23: - | W23: - | X23: - | Y23: - | Z23: - | AA23: - | AB23: - | AC23: - | AD23: - | AE23: - | AF23: - | AG23: - | AH23: - | AI23: - | AJ23: -
E24: NORTE | G24: 8982503.9895 | H24: 8982521.5358 | I24: 8982634.9787 | J24: 8982697.9748 | K24: 8982711.1068 | L24: 8982674.0201 | M24: 8982666.8032 | N24: - | O24: - | P24: - | Q24: - | R24: - | S24: - | T24: - | U24: - | V24: - | W24: - | X24: - | Y24: - | Z24: - | AA24: - | AB24: - | AC24: - | AD24: - | AE24: - | AF24: - | AG24: - | AH24: - | AI24: - | AJ24: -
C25: Área | G25: 2 | H25: 2 | I25: 2 | J25: 2 | K25: 2 | L25: 2 | M25: 2 | N25: 0 | O25: 0 | P25: 0 | Q25: 0 | R25: 0 | S25: 0 | T25: 0 | U25: 0 | V25: 0 | W25: 0 | X25: 0 | Y25: 0 | Z25: 0 | AA25: 0 | AB25: 0 | AC25: 0 | AD25: 0 | AE25: 0 | AF25: 0 | AG25: 0 | AH25: 0 | AI25: 0 | AJ25: 0
C26: Sistema Kv | G26: - | H26: - | I26: - | J26: - | K26: - | L26: - | M26: 13,2kV | N26: - | O26: - | P26: - | Q26: - | R26: - | S26: - | T26: - | U26: - | V26: - | W26: - | X26: - | Y26: - | Z26: - | AA26: - | AB26: - | AC26: - | AD26: - | AE26: - | AF26: - | AG26: - | AH26: - | AI26: - | AJ26: -
C27: Veredas | G27: NO | H27: NO | I27: NO | J27: NO | K27: NO | L27: NO | M27: NO | N27: - | O27: - | P27: - | Q27: - | R27: - | S27: - | T27: - | U27: - | V27: - | W27: - | X27: - | Y27: - | Z27: - | AA27: - | AB27: - | AC27: - | AD27: - | AE27: - | AF27: - | AG27: - | AH27: - | AI27: - | AJ27: -
C28: TIPOS DE TERRENO | D28: Terreno Tipo I (%) | G28: 0 | H28: 1 | I28: 1 | J28: 1 | K28: 1 | L28: 1 | M28: 1 | N28: 0 | O28: 0 | P28: 0 | Q28: 0 | R28: 0 | S28: 0 | T28: 0 | U28: 0 | V28: 0 | W28: 0 | X28: 0 | Y28: 0 | Z28: 0 | AA28: 0 | AB28: 0 | AC28: 0 | AD28: 0 | AE28: 0 | AF28: 0 | AG28: 0 | AH28: 0 | AI28: 0 | AJ28: 0
D29: Terreno Tipo II (%) | G29: 0 | H29: 0 | I29: 0 | J29: 0 | K29: 0 | L29: 0 | M29: 0 | N29: 0 | O29: 0 | P29: 0 | Q29: 0 | R29: 0 | S29: 0 | T29: 0 | U29: 0 | V29: 0 | W29: 0 | X29: 0 | Y29: 0 | Z29: 0 | AA29: 0 | AB29: 0 | AC29: 0 | AD29: 0 | AE29: 0 | AF29: 0 | AG29: 0 | AH29: 0 | AI29: 0 | AJ29: 0
C30: Observaciones | G30: 0 | H30: 0 | I30: 0 | J30: 0 | K30: 0 | L30: 0 | M30: 0 | N30: 0 | O30: 0 | P30: 0 | Q30: 0 | R30: 0 | S30: 0 | T30: 0 | U30: 0 | V30: 0 | W30: 0 | X30: 0 | Y30: 0 | Z30: 0 | AA30: 0 | AB30: 0 | AC30: 0 | AD30: 0 | AE30: 0 | AF30: 0 | AG30: 0 | AH30: 0 | AI30: 0 | AJ30: 0
C31: RETENIDAS | D31: Terreno Tipo I (%) | G31: {=+TRANSPOSE(P_02!AE13:AH42)} -> 0 | H31: 1 | I31: 1 | J31: 1 | K31: 0 | L31: 0 | M31: 0 | N31: 0 | O31: 0 | P31: 0 | Q31: 0 | R31: 0 | S31: 0 | T31: 0 | U31: 0 | V31: 0 | W31: 0 | X31: 0 | Y31: 0 | Z31: 0 | AA31: 0 | AB31: 0 | AC31: 0 | AD31: 0 | AE31: 0 | AF31: 0 | AG31: 0 | AH31: 0 | AI31: 0 | AJ31: 0
